path	main	r5	r6	r7	r8	r8_fail_rules	r8_failing_numbers	r8_causes	r8_correct_only	total	checked	exempt	chance_p50	chance_max	synthesis	detail
research/findings/2026-09-01-184-tieredfactstore-ltm-trace-propagation-fix.md	PASS	PASS	PASS	PASS	PASS		0		False	1	1	0	0.000	0.000	False	
research/findings/2026-09-01-D6-wm-emergent-free-slot-competitive-register-allocation-6seed-GO.md	PASS	PASS	PASS	PASS	PASS		0		False	0	0	0			False	
research/findings/2026-09-01-affect-marker-spiking-wta-default-on-flip-GO.md	PASS	PASS	PASS	PASS	PASS		0		False	3	3	0	0.000	0.000	False	
research/findings/2026-09-01-batch-sentence-rendering-6seed-not-byte-identical-NOGO.md	PASS	PASS	FAIL	PASS	PASS		0		False	14	12	2	0.030	0.060	False	
research/findings/2026-09-01-batch-sentence-rendering-rich-chat-2x-to-3x-byte-identical.md	PASS	PASS	FAIL	PASS	PASS		0		False	6	6	0	0.010	0.050	False	
research/findings/2026-09-01-board91-memory-separator-readfix-cuerelative-bias-NOGO-intrinsic-heterogeneity-confirmed-write-read-mismatch.md	PASS	PASS	PASS	PASS	PASS		0		False	0	0	0			False	
research/findings/2026-09-01-board91-memory-separator-readfix-popstate-reset-NOGO-relocalizes-to-consolidation-induced-generic-capture.md	PASS	FAIL	FAIL	PASS	PASS		0		False	2	2	0	0.020	0.020	False	
research/findings/2026-09-01-brain-native-plausibility-spiking-synaptic-gate-qualified.md	PASS	PASS	PASS	PASS	PASS		0		False	0	0	0			False	
research/findings/2026-09-01-common-ground-audience-design-drive-soak-GO.md	PASS	PASS	PASS	PASS	PASS		0		False	11	11	0	0.020	0.050	False	
research/findings/2026-09-01-confidence-forthcomingness-default-on-flip-GO.md	PASS	PASS	PASS	PASS	PASS		0		False	0	0	0			False	
research/findings/2026-09-01-confidence-forthcomingness-kb-relation-realtraffic-tracepropagation-residual.md	PASS	PASS	PASS	PASS	PASS		0		False	0	0	0			False	
research/findings/2026-09-01-confidence-forthcomingness-ltm-elaboration-load-bearing-GO.md	PASS	PASS	PASS	PASS	PASS		0		False	0	0	0			False	
research/findings/2026-09-01-confidence-metacog-margin-norm-calibration-at-scale-discriminates-not-byte-id-off.md	PASS	PASS	PASS	PASS	PASS		0		False	0	0	0			False	
research/findings/2026-09-01-declarative-cross-edge-functional-gate-read-credit-livedrive-GO.md	PASS	FAIL	FAIL	PASS	FAIL	unsupported(2)	2	html-comment=1 prose=1	False	31	31	0	0.050	0.080	False	128:0.0067:prose:0.05 129:0.0067:html-comment:0.05
research/findings/2026-09-01-entity-aliasing-verified-against-shipped-scale-alias-bundle.md	PASS	PASS	PASS	PASS	PASS		0		False	0	0	0			False	
research/findings/2026-09-01-generative-cortex-token-supply-lever-broad-domain-plateau-is-starvation-not-capacity-wall.md	PASS	FAIL	FAIL	FAIL	FAIL	unsupported(5)	5	near-miss=1 prose=4	False	65	53	12	0.080	0.120	False	118:4.409:near-miss:0.05 118:4.040:prose:0.04 123:0.240:prose:0.08 125:0.791:prose:0.01 125:0.296:prose:0.10
research/findings/2026-09-01-negation-generate-wiring-stale-claim-closed-plus-hebbian-plausibility-qualified.md	PASS	PASS	PASS	PASS	PASS		0		False	6	6	0	0.000	0.000	False	
research/findings/2026-09-01-nl-parser-kb-relation-question-routing-comprehension-GO.md	PASS	PASS	PASS	PASS	PASS		0		False	0	0	0			False	
research/findings/2026-09-01-np-entailment-copula-coverage-widening.md	PASS	PASS	PASS	PASS	PASS		0		False	0	0	0			False	
research/findings/2026-09-01-np-entailment-moat-gate-wired-into-live-open-ended-postfilter.md	PASS	PASS	PASS	PASS	PASS		0		False	0	0	0			False	
research/findings/2026-09-01-np-entailment-participial-pronoun-coverage-widening.md	PASS	PASS	PASS	PASS	PASS		0		False	0	0	0			False	
research/findings/2026-09-01-onebrain-crossedge-curiosity-d6wm-semantic-drop-GO.md	PASS	PASS	PASS	PASS	PASS		0		False	8	8	0	0.000	0.050	False	
research/findings/2026-09-01-onebrain-crossedge-curiosity-to-d6wm-GO.md	PASS	FAIL	FAIL	FAIL	FAIL	unsupported(3)	3	near-miss=1 prose=2	False	45	42	3	0.000	0.020	False	123:0.0011:prose:0.02 163:-0.0115:near-miss:0.00 163:-0.0079:prose:0.00
research/findings/2026-09-01-onebrain-crossedge-curiosity-to-d6wm-production-wire-GO.md	PASS	PASS	PASS	PASS	PASS		0		False	28	28	0	0.000	0.020	False	
research/findings/2026-09-01-onebrain-crossedge-provenance-to-selfschema-reciprocal-GO.md	PASS	FAIL	FAIL	FAIL	FAIL	unsupported(6)	6	prose=6	False	55	51	4	0.000	0.050	False	30:0.0118:prose:0.05 30:0.0137:prose:0.04 149:0.004:prose:0.01 149:0.008:prose:0.01 150:0.0050:prose:0.00 151:-0.018:prose:0.02
research/findings/2026-09-01-onebrain-merge-pool1-composer-cleanup-regions-declarative-GO.md	PASS	PASS	PASS	PASS	PASS		0		False	0	0	0			False	
research/findings/2026-09-01-open-ended-bundle-moat-safety-soak-fabrication-delta.md	PASS	PASS	PASS	PASS	PASS		0		False	0	0	0			False	
research/findings/2026-09-01-plausibility-ensemble-read-host-parity-generation-all6-default-on-GO.md	PASS	PASS	PASS	PASS	PASS		0		False	0	0	0			False	
research/findings/2026-09-01-production-default-flip-plan.md	PASS	PASS	PASS	PASS	PASS		0		False	0	0	0			False	
research/findings/2026-09-01-read-fidelity-learned-whitened-opponent-read-NOGO-residual-is-read-architecture-not-estimator.md	PASS	FAIL	FAIL	PASS	FAIL	too_broad(7)	7	too-broad=7	True	34	34	0	0.160	0.230	False	114:0.121:too-broad:0.23 114:0.518:too-broad:0.23 115:0.330:too-broad:0.22 116:0.530:too-broad:0.23 116:0.561:too-broad:0.21 125:0.330:too-broad:0.22 126:0.121:too-broad:0.23
research/findings/2026-09-01-read-fidelity-separate-trace-recall-read-GO-upstream-shaping-closes-read-power-residual.md	PASS	FAIL	FAIL	PASS	PASS		0		False	26	26	0	0.030	0.090	False	
research/findings/2026-09-01-seed44-recall-hole-ROOT-CAUSED-phase-quantization-decode-escalation-fix.md	PASS	PASS	PASS	PASS	PASS		0		False	17	17	0	0.010	0.030	False	
research/findings/2026-09-01-source-provenance-honesty-129-default-on-flip-GO.md	PASS	PASS	PASS	PASS	PASS		0		False	0	0	0			False	
research/findings/2026-09-01-surprise-episodic-encode-decision-crossedge-GO.md	PASS	FAIL	FAIL	PASS	PASS		0		False	48	41	7	0.000	0.090	False	
research/findings/2026-09-01-vision-lindiscrim-opsweep-board135-znorm-dominates-small-nonoverfit-lift-not-capability-crossing.md	PASS	PASS	PASS	PASS	PASS		0		False	58	32	26	0.030	0.040	False	
research/findings/2026-09-01-vision-readout-side-exhausted-satdiv-plus-ridge-plateau-points-to-S2-template-learning.md	PASS	PASS	PASS	PASS	PASS		0		False	1	0	1			False	
research/findings/2026-09-01-vision-s2-bcm-template-learning-NOGO-collapses-without-competition-underperforms-baseline-with-it.md	PASS	PASS	PASS	PASS	PASS		0		False	27	23	4	0.020	0.100	False	
research/findings/2026-09-01-w5-affective-tom-other-model-graded-circumplex-upgrade-GO.md	PASS	PASS	PASS	PASS	PASS		0		False	11	11	0	0.000	0.090	False	
research/findings/2026-09-01-wkv-fact-to-sentence-lexicon-and-np-lever.md	PASS	PASS	PASS	PASS	PASS		0		False	0	0	0			False	
research/findings/2026-09-01-wkv-fact-to-svo-clause-first-lever-investigation.md	PASS	PASS	PASS	PASS	PASS		0		False	0	0	0			False	
research/findings/2026-09-01-wkv-mouth-fact-grounding-lever.md	PASS	PASS	PASS	PASS	PASS		0		False	0	0	0			False	
research/findings/2026-09-01-wkv-mouth-fact-sentence-wirein.md	PASS	PASS	PASS	PASS	PASS		0		False	3	3	0	0.030	0.030	False	
research/findings/2026-09-01-wkv-mouth-invocab-scope-leadin-loophole-fix.md	PASS	PASS	PASS	PASS	PASS		0		False	0	0	0			False	
research/findings/2026-09-01-wkv-mouth-learned-head-6seed-ab-through-fixed-default-path-GO.md	PASS	PASS	PASS	PASS	PASS		0		False	47	47	0	0.030	0.180	False	
research/findings/2026-09-02-c1-surprise-worldmodel-wired-flip-ready.md	FAIL	FAIL	FAIL	FAIL	FAIL	unsupported(1)	1	prose=1	False	8	5	3	0.010	0.020	False	81:1.422:prose:0.01
research/findings/2026-09-02-c2-metacog-error-gated-port-second-negative.md	PASS	FAIL	FAIL	FAIL	FAIL	unsupported(2)	2	prose=2	False	14	14	0	0.030	0.090	False	69:0.0097:prose:0.02 69:0.0423:prose:0.04
research/findings/2026-09-02-c2-metacog-read-isolation-fix-GO.md	PASS	FAIL	FAIL	FAIL	FAIL	unsupported(8) too_broad(1)	9	prose=8 too-broad=1	False	22	22	0	0.010	0.290	False	55:121.2957:prose:0.00 55:100.4195:prose:0.00 55:120.9968:prose:0.00 55:101.0344:prose:0.29 55:120.0763:prose:0.00 55:99.3291:prose:0.00 56:120.0763:prose:0.00 56:99.3291:prose:0.00 82:0.604:too-broad:0.24
research/findings/2026-09-02-confidence-forthcoming-100k-recalibration-PARTIAL.md	PASS	FAIL	FAIL	FAIL	FAIL	unsupported(3)	3	identifier=2 prose=1	False	35	30	5	0.040	0.070	False	72:0.278:prose:0.05 134:2503.09218:identifier:0.00 136:1903.09215:identifier:0.00
research/findings/2026-09-02-confidence-forthcomingness-100k-6seed-GO.md	PASS	PASS	PASS	PASS	PASS		0		False	1	1	0	0.000	0.000	False	
research/findings/2026-09-02-crossedge-arousal-surprise-derisk-PARTIAL-smoke-go.md	PASS	FAIL	FAIL	PASS	PASS		0		False	4	4	0	0.020	0.020	False	
research/findings/2026-09-02-crossedge-surprise-metacog-derisk-SMOKE-GO-PARTIAL.md	PASS	FAIL	FAIL	FAIL	FAIL	unsupported(4)	4	prose=4	False	19	19	0	0.010	0.050	False	76:0.678:prose:0.05 76:0.1032:prose:0.01 76:-0.0088:prose:0.00 76:-0.1120:prose:0.00
research/findings/2026-09-02-crossedge-surprise-worldmodel-derisk-SMOKE-GO-partial-pending-6seed.md	PASS	FAIL	FAIL	PASS	PASS		0		False	8	8	0	0.020	0.030	False	
research/findings/2026-09-02-cupy-scan-vectorize-byteidentical-fix-queued-for-cupy-latency-reverify.md	PASS	PASS	PASS	PASS	PASS		0		False	0	0	0			False	
research/findings/2026-09-02-cupy-scan-vectorize-latency-result-ACCEPT.md	PASS	PASS	PASS	PASS	PASS		0		False	0	0	0			False	
research/findings/2026-09-02-escalation-gating-tighten-latency-correctness-safe-not-the-lever.md	PASS	FAIL	FAIL	FAIL	FAIL	unsupported(4)	4	code-span=4	False	26	17	9	0.030	0.030	False	33:-0.0047:code-span:0.03 33:-0.0055:code-span:0.01 33:0.0077:code-span:0.02 33:0.0077:code-span:0.02
research/findings/2026-09-02-generative-cortex-capacity-vs-tokens-larger-capacity-wins-d96-nears-its-ceiling.md	PASS	FAIL	FAIL	FAIL	FAIL	unsupported(21) too_broad(6)	27	near-miss=3 prose=18 too-broad=6	False	92	78	14	0.080	0.370	False	140:3.9516:prose:0.19 140:3.8802:prose:0.27 140:3.8433:prose:0.29 140:3.8178:prose:0.33 140:3.8029:prose:0.32 141:0.2623:prose:0.09 141:0.2619:prose:0.07 141:0.2528:prose:0.09 141:0.2341:near-miss:0.06 143:3.8029:prose:0.32 145:0.0148:prose:0.08 158:0.348:too-broad:0.24 160:4.3082:too-broad:0.30 160:4.1388:prose:0.31 160:3.8243:prose:0.37 161:0.3130:near-miss:0.05 161:0.3015:near-miss:0.06 161:0.3264:prose:0.01 163:3.783:too-broad:0.22 165:0.0506:prose:0.08 169:0.033:too-broad:0.25 179:3.8029:prose:0.32 179:0.1129:prose:0.14 182:0.1292:prose:0.11 183:0.1584:prose:0.05 217:0.348:too-broad:0.24 218:0.378:too-broad:0.21
research/findings/2026-09-02-integrated-brain-scale-probe-BUILT-scoping.md	PASS	PASS	PASS	PASS	PASS		0		False	0	0	0			False	
research/findings/2026-09-02-integration-program-6seed-harvest-singlepool-GO-C1-GO-C2-NOGO.md	PASS	PASS	PASS	PASS	PASS		0		False	0	0	0			False	
research/findings/2026-09-02-memory-separator-continuous-ring-screen-parameter-map.md	PASS	FAIL	FAIL	FAIL	FAIL	unsupported(1)	1	prose=1	False	4	4	0	0.020	0.030	False	26:0.0002:prose:0.03
research/findings/2026-09-02-onebrain-crossedge-curiosity-d6wm-semantic-drop-read-isolation-reverify-GO-survives.md	PASS	FAIL	FAIL	FAIL	FAIL	unsupported(6)	6	prose=6	False	14	13	1	0.000	0.020	False	51:2.0202:prose:0.01 52:1.8899:prose:0.00 53:1.9818:prose:0.00 54:1.9708:prose:0.01 55:2.1176:prose:0.00 56:1.7391:prose:0.00
research/findings/2026-09-02-onebrain-crossedge-curiosity-to-d6wm-read-isolation-fix-corrects-GO-to-NOGO-3-6.md	PASS	PASS	FAIL	FAIL	FAIL	unsupported(4)	4	prose=4	False	47	45	2	0.000	0.070	False	67:0.067875:prose:0.00 67:0.060750:prose:0.07 67:0.067875:prose:0.00 67:0.060750:prose:0.07
research/findings/2026-09-02-onebrain-crossedge-provenance-to-selfschema-read-isolation-fix-GO-survives-narrower-margin.md	PASS	FAIL	FAIL	FAIL	FAIL	unsupported(13)	13	code-span=7 prose=6	False	56	44	12	0.000	0.030	False	62:0.0139:code-span:0.01 62:0.0955:code-span:0.00 62:0.0122:code-span:0.02 62:0.0963:code-span:0.00 62:0.0125:code-span:0.00 62:0.0947:code-span:0.00 103:4.670:prose:0.00 104:0.02375:prose:0.00 107:1.1833:prose:0.00 107:1.3667:prose:0.01 113:0.008:code-span:0.00 137:0.021:prose:0.01 137:0.024:prose:0.01
research/findings/2026-09-02-onebrain-crossregion-integration-DESIGN-ranked-crossedges.md	PASS	PASS	PASS	PASS	PASS		0		False	0	0	0			False	
research/findings/2026-09-02-onebrain-flip-verify-harness-and-regression-battery-BUILT-derisk-GO.md	PASS	PASS	FAIL	PASS	FAIL	unsupported(1)	1	identifier=1	False	1	1	0	0.000	0.000	False	135:10.1002:identifier:0.00
research/findings/2026-09-02-onebrain-r4-selfschema-production-wirein-read-isolation-reverify-GO-survives-floor-residual-worsens.md	PASS	PASS	PASS	PASS	PASS		0		False	8	8	0	0.000	0.020	False	
research/findings/2026-09-02-onebrain-r4-selfschema-provenance-read-isolation-fix-flips-GO-to-NOGO.md	PASS	FAIL	FAIL	FAIL	FAIL	unsupported(1) too_broad(1)	2	code-fence=1 too-broad=1	False	42	41	1	0.020	1.000	False	80:0.0925:code-fence:0.06 109:0.013229166:too-broad:1.00
research/findings/2026-09-02-onebrain-surprise-episodic-crossedge-readisolation-fix-still-UNDEFINED.md	PASS	FAIL	FAIL	FAIL	FAIL	unsupported(12)	12	near-miss=3 prose=9	False	58	57	1	0.000	0.110	False	84:0.703:prose:0.02 84:0.765:prose:0.02 85:0.442:prose:0.06 85:0.318:prose:0.08 86:0.350:near-miss:0.09 86:0.429:prose:0.07 87:0.649:near-miss:0.04 87:0.286:prose:0.07 88:0.273:prose:0.07 88:0.300:prose:0.11 89:0.415:prose:0.10 115:0.0001:near-miss:0.06
research/findings/2026-09-02-onebrain-twopool-merge-organ-read-GO.md	PASS	PASS	PASS	PASS	PASS		0		False	0	0	0			False	
research/findings/2026-09-02-onebrain-wave1-comprehension-provenance-merge-SMOKE-GO.md	PASS	FAIL	FAIL	FAIL	FAIL	unsupported(1)	1	prose=1	False	1	1	0	0.010	0.010	False	99:0.746:prose:0.01
research/findings/2026-09-02-onebrain-wave2-selfschema-curiosity-causalwhatif-merge-SMOKE-GO.md	PASS	PASS	PASS	PASS	PASS		0		False	4	0	4			False	
research/findings/2026-09-02-open-ended-episodic-writeback-R1-rung1.md	PASS	PASS	PASS	PASS	PASS		0		False	0	0	0			False	
research/findings/2026-09-02-open-ended-pipeline-integration-rung2-state-writes-GO.md	PASS	PASS	PASS	PASS	PASS		0		False	2	0	2			False	
research/findings/2026-09-02-open-ended-pipeline-integration-rung3-deeper-folds-GO.md	PASS	PASS	PASS	PASS	PASS		0		False	0	0	0			False	
research/findings/2026-09-02-open-ended-qwen-routed-fact-clause-fallback.md	PASS	PASS	PASS	PASS	PASS		0		False	2	2	0	0.010	0.010	False	
research/findings/2026-09-02-pmem-wave3-pool-faculty-alive-and-answer-GO.md	FAIL	FAIL	FAIL	FAIL	FAIL	missing(1)	0		False	11	0	11			False	
research/findings/2026-09-02-r3v2-r3v3-read-isolation-refix-r3v3-GO-flips-to-NOGO.md	PASS	FAIL	FAIL	FAIL	FAIL	unsupported(14) too_broad(1)	15	prose=14 too-broad=1	False	81	81	0	0.010	0.270	False	63:0.008:too-broad:0.27 63:0.00170:prose:0.10 63:0.00198:prose:0.07 90:0.2043:prose:0.08 90:0.3512:prose:0.04 91:0.1728:prose:0.11 91:0.2849:prose:0.09 92:0.2345:prose:0.04 92:0.3434:prose:0.04 93:0.2266:prose:0.08 93:0.3421:prose:0.05 94:0.2723:prose:0.15 94:0.4180:prose:0.03 95:0.2510:prose:0.11 95:0.3809:prose:0.01
research/findings/2026-09-02-read-isolation-audit-29runner-followup-map-plus-a-bigger-adjacent-bug.md	PASS	PASS	PASS	PASS	PASS		0		False	13	12	1	0.000	0.020	False	
research/findings/2026-09-02-read-isolation-audit-C2-bug-class-across-14-runners.md	PASS	FAIL	FAIL	FAIL	FAIL	unsupported(3)	3	prose=3	False	16	15	1	0.020	0.040	False	30:0.0105:prose:0.00 30:0.007375:prose:0.00 31:0.008:prose:0.00
research/findings/2026-09-02-regression-battery-thin-probes-lifted.md	PASS	PASS	PASS	PASS	PASS		0		False	0	0	0			False	
research/findings/2026-09-02-self-taught-mouth-vocab-coverage-for-chat-INSUFFICIENT.md	PASS	PASS	PASS	PASS	PASS		0		False	0	0	0			False	
research/findings/2026-09-02-sim-deterministic-matvec-all-conductance-paths-megakernel-v1-closed-premise-corrected.md	PASS	PASS	PASS	PASS	PASS		0		False	2	1	1	0.000	0.000	False	
research/findings/2026-09-02-spiking-expectation-rpe-read-isolation-fix-PARTIAL-demotion-still-boundary.md	PASS	FAIL	FAIL	FAIL	FAIL	unsupported(3)	3	prose=3	False	64	63	1	0.020	0.060	False	46:10.159:prose:0.03 46:8.948:prose:0.04 74:4.372:prose:0.01
research/findings/2026-09-02-subword-self-taught-mouth-design-SUBWORD-CLOSES-OOV-TRAINING-QUEUED.md	PASS	PASS	PASS	PASS	PASS		0		False	1	0	1			False	
research/findings/2026-09-03-OPEN-FLUENCY-BREAKTHROUGH-linattn-deployable-spiking-mouth-beats-trigram-6of6.md	PASS	FAIL	FAIL	FAIL	FAIL	unsupported(4)	4	prose=4	False	18	13	5	0.020	0.080	False	20:0.0505:prose:0.00 26:-0.125:prose:0.03 27:-0.147:prose:0.08 28:0.0505:prose:0.00
research/findings/2026-09-03-affect-wiring-into-wkv-mouth-GO.md	FAIL	FAIL	FAIL	FAIL	FAIL	unsupported(1)	1	code-span=1	False	2	1	1	0.000	0.000	False	224:0.03805555555555556:code-span:0.00
research/findings/2026-09-03-content-addressable-read-without-order-underfits-fluency-NO-GO.md	PASS	FAIL	FAIL	FAIL	FAIL	unsupported(10)	10	prose=9 sign=1	False	18	18	0	0.040	0.070	False	20:-0.3467:prose:0.01 20:1.072:prose:0.01 20:3.375:prose:0.00 25:-0.1252:prose:0.00 26:-0.3467:prose:0.01 33:3.375:prose:0.00 40:6.243:prose:0.05 40:6.131:prose:0.01 40:-0.415:sign:0.07 40:-0.381:prose:0.04
research/findings/2026-09-03-crossedge4-pragmatic-metacog-coupling-DESIGN.md	PASS	PASS	FAIL	FAIL	FAIL	unsupported(1)	1	prose=1	False	3	3	0	0.090	0.090	False	223:0.005:prose:0.06
research/findings/2026-09-03-gnw-bus-family-retire-status-ledger-drift-CORRECTED.md	PASS	PASS	PASS	PASS	PASS		0		False	0	0	0			False	
research/findings/2026-09-03-linattn-mouth-broad-scope-coverage-threshold.md	PASS	PASS	PASS	PASS	PASS		0		False	1	1	0	0.000	0.000	False	
research/findings/2026-09-03-linattn-mouth-generation-coherence-viable-with-caveats.md	PASS	PASS	PASS	PASS	PASS		0		False	8	8	0	0.030	0.040	False	
research/findings/2026-09-03-linattn-mouth-live-brain-grounded-honest-verification-PARTIAL-affect-gap.md	PASS	PASS	PASS	PASS	PASS		0		False	1	1	0	0.000	0.000	False	
research/findings/2026-09-03-linattn-production-mouth-wiring-DESIGN.md	PASS	PASS	FAIL	FAIL	FAIL	unsupported(3)	3	code-span=1 near-miss=2	False	21	21	0	0.030	0.060	False	9:0.049:near-miss:0.03 28:0.049:code-span:0.03 393:0.049:near-miss:0.03
research/findings/2026-09-03-linattn-spike-native-normalization-DESIGN.md	PASS	PASS	FAIL	FAIL	FAIL	unsupported(7)	7	identifier=4 prose=3	False	14	14	0	0.050	0.060	False	23:0.0505:prose:0.00 68:0.429:prose:0.05 77:10.1038:identifier:0.00 328:0.0505:prose:0.00 331:10.1038:identifier:0.00 333:10.1126:identifier:0.00 333:1610.06258:identifier:0.00
research/findings/2026-09-03-on-bridge-spiking-LP-max-curiosity-DESIGN.md	PASS	PASS	PASS	PASS	PASS		0		False	0	0	0			False	
research/findings/2026-09-03-on-bridge-spiking-LP-max-curiosity-selection-layer-6seed-GO.md	PASS	PASS	PASS	PASS	PASS		0		False	0	0	0			False	
research/findings/2026-09-03-one-brain-mouth-integration-ROADMAP.md	PASS	PASS	PASS	PASS	PASS		0		False	0	0	0			False	
research/findings/2026-09-03-ordered-attention-at-shared-fluency-bound-investigation-verdict.md	PASS	FAIL	FAIL	FAIL	FAIL	unsupported(13)	13	prose=13	False	21	21	0	0.030	0.060	False	20:-0.147:prose:0.03 25:-0.347:prose:0.06 26:-0.147:prose:0.03 27:-0.125:prose:0.03 28:-0.126:prose:0.03 29:-0.125:prose:0.03 32:-0.347:prose:0.06 32:-0.147:prose:0.03 37:-0.125:prose:0.03 41:-0.125:prose:0.03 42:0.794:prose:0.02 42:0.633:prose:0.03 42:0.661:prose:0.05
research/findings/2026-09-03-satdiv-readout-mostly-in-control-BORDERLINE-refined.md	PASS	FAIL	FAIL	FAIL	FAIL	unsupported(2)	2	near-miss=2	False	36	36	0	0.030	0.250	False	147:0.013:near-miss:0.25 148:0.013:near-miss:0.25
research/findings/2026-09-03-spiking-content-addressable-read-DESIGN.md	FAIL	FAIL	FAIL	FAIL	FAIL	missing(1) unsupported(37)	37	identifier=24 prose=13	False	37	37	0	0.000	0.060	False	28:-0.125:prose:0.03 29:-0.1252:prose:0.00 30:-0.126:prose:0.03 31:-0.147:prose:0.03 32:-0.347:prose:0.06 33:-0.461:prose:0.01 50:2302.13939:identifier:0.00 51:2406.03287:identifier:0.00 52:2605.13859:identifier:0.00 53:2604.11321:identifier:0.00 54:2209.15425:identifier:0.00 54:2304.11954:prose:0.00 55:2408.14909:identifier:0.00 56:2406.02923:identifier:0.00 71:10.1126:identifier:0.00 71:1610.06258:identifier:0.00 71:2102.11174:identifier:0.00 83:2006.16236:identifier:0.00 120:-0.461:prose:0.01 120:-0.125:prose:0.03 226:-0.147:prose:0.03 226:-0.125:prose:0.03 236:-0.461:prose:0.01 237:-0.147:prose:0.03 241:2302.13939:identifier:0.00 241:2408.14909:identifier:0.00 241:2406.02923:identifier:0.00 241:2209.15425:identifier:0.00 241:2304.11954:identifier:0.00 241:2406.03287:identifier:0.00 241:2605.13859:identifier:0.00 241:2604.11321:identifier:0.00 241:2006.16236:identifier:0.00 241:2102.11174:identifier:0.00 241:1610.06258:identifier:0.00 241:10.1126:identifier:0.00 241:10.1038:identifier:0.00
research/findings/2026-09-03-spiking-depth-tokens-closing-fluency-gap-milestone.md	FAIL	FAIL	FAIL	FAIL	FAIL	missing(1) unsupported(14)	14	no-pool=14	False	14	14	0	0.000	0.000	False	20:-0.125:no-pool:0.00 20:-0.125:no-pool:0.00 20:-0.125:no-pool:0.00 20:-0.124:no-pool:0.00 20:-0.115:no-pool:0.00 27:-0.1252:no-pool:0.00 30:0.175:no-pool:0.00 30:-0.125:no-pool:0.00 30:-0.125:no-pool:0.00 35:-0.125:no-pool:0.00 35:-0.125:no-pool:0.00 37:-0.125:no-pool:0.00 39:2408.14909:no-pool:0.00 39:2406.02923:no-pool:0.00
research/findings/2026-09-03-spiking-divnorm-gate-NO-GO-cross-channel-pool-over-suppresses.md	FAIL	FAIL	FAIL	FAIL	FAIL	missing(4) unsupported(10)	10	no-pool=10	False	10	10	0	0.000	0.000	False	29:-0.125:no-pool:0.00 33:-0.881:no-pool:0.00 33:5.038:no-pool:0.00 34:-0.874:no-pool:0.00 34:5.030:no-pool:0.00 35:-0.881:no-pool:0.00 35:5.037:no-pool:0.00 36:-2.979:no-pool:0.00 36:7.135:no-pool:0.00 47:-0.125:no-pool:0.00
research/findings/2026-09-03-spiking-mouth-ssm-dualnonneg-fluency-NO-GO-first-brain-based-baseline.md	FAIL	FAIL	FAIL	FAIL	FAIL	missing(1) unsupported(12)	12	no-pool=12	False	12	12	0	0.000	0.000	False	27:4.616:no-pool:0.00 27:-0.461:no-pool:0.00 28:4.280:no-pool:0.00 28:-0.125:no-pool:0.00 29:4.155:no-pool:0.00 33:-0.492:no-pool:0.00 33:-0.468:no-pool:0.00 33:-0.470:no-pool:0.00 33:-0.416:no-pool:0.00 33:-0.459:no-pool:0.00 33:-0.458:no-pool:0.00 35:0.125:no-pool:0.00
research/findings/2026-09-03-trigram-baseline-strength-characterization-not-saturated-tokenization-sensitive.md	FAIL	FAIL	FAIL	FAIL	FAIL	missing(1) unsupported(27)	27	identifier=2 prose=25	False	51	47	4	0.030	0.210	False	26:4.1567:prose:0.02 26:4.157:prose:0.02 38:4.8041:prose:0.20 39:4.4563:prose:0.21 40:4.2457:prose:0.07 41:4.1567:prose:0.02 41:4.155:prose:0.04 48:-0.348:prose:0.03 48:-0.116:prose:0.02 49:-0.211:prose:0.02 49:-0.047:prose:0.01 50:-0.089:prose:0.03 50:-0.022:prose:0.04 67:4.155:prose:0.04 75:5.633:prose:0.07 76:3.2261:prose:0.04 76:1.993:prose:0.01 77:3.9874:prose:0.03 77:1.544:prose:0.00 78:4.1567:prose:0.02 78:1.437:prose:0.00 79:4.6443:prose:0.10 79:1.310:prose:0.00 83:4.157:prose:0.02 83:4.644:prose:0.10 102:2306.06892:identifier:0.00 103:1904.02879:identifier:0.00
research/findings/2026-09-03-vision-configural-binding-PARTIAL-3of6-below-5of6-gate-anticheats-confirm-genuine-signal.md	PASS	PASS	PASS	PASS	PASS		0		False	50	32	18	0.010	0.130	False	
research/findings/2026-09-03-vision-configural-binding-crossing-is-mostly-capacity-anticheat-caught-it.md	PASS	PASS	PASS	PASS	PASS		0		False	0	0	0			False	
research/findings/2026-09-03-vision-satdiv-divisive-norm-readout-BORDERLINE.md	PASS	FAIL	FAIL	FAIL	FAIL	unsupported(3)	3	identifier=2 near-miss=1	False	68	67	1	0.020	0.060	False	112:0.1459:near-miss:0.03 214:10.1038:identifier:0.00 218:10.1016:identifier:0.00
research/findings/2026-09-03-wkv-fluency-crux-simplewiki-bpe-NO-GO-loses-to-trigram.md	FAIL	FAIL	FAIL	FAIL	FAIL	missing(1) unsupported(11)	11	no-pool=11	False	11	11	0	0.000	0.000	False	26:-0.147:no-pool:0.00 26:-0.128:no-pool:0.00 26:-0.138:no-pool:0.00 26:-0.092:no-pool:0.00 26:-0.124:no-pool:0.00 26:-0.123:no-pool:0.00 34:4.280:no-pool:0.00 35:4.157:no-pool:0.00 38:-0.125:no-pool:0.00 44:0.084:no-pool:0.00 49:0.084:no-pool:0.00
research/findings/2026-09-04-affect-coupling-neural-not-host-PARTIAL.md	PASS	PASS	PASS	PASS	PASS		0		False	3	0	3			False	
research/findings/2026-09-04-affect-neural-default-on-negpa-sweep-NOT-READY.md	PASS	PASS	PASS	PASS	PASS		0		False	8	3	5	0.010	0.010	False	
research/findings/2026-09-04-da-gated-encoding-wave0-gap4a-currency-reverify-GO.md	PASS	PASS	PASS	PASS	PASS		0		False	5	5	0	0.000	0.000	False	
research/findings/2026-09-04-fluency-scale-wt103-linattn-below-trigram-on-broad-domain.md	PASS	PASS	PASS	PASS	PASS		0		False	37	37	0	0.010	0.020	False	
research/findings/2026-09-04-generative-wander-production-scale-6seed-PARTIAL-blend-balance-collapse.md	PASS	PASS	PASS	PASS	PASS		0		False	55	55	0	0.020	0.060	False	
research/findings/2026-09-04-generator-trace-mislabel-fix.md	PASS	PASS	PASS	PASS	PASS		0		False	0	0	0			False	
research/findings/2026-09-04-gnw-lc-ne-adaptive-gain-swap-eviction-GO.md	FAIL	FAIL	FAIL	FAIL	FAIL	unsupported(2)	2	html-comment=1 prose=1	False	13	13	0	0.010	0.050	False	107:0.0014:html-comment:0.02 109:0.167:prose:0.02
research/findings/2026-09-04-gpu-queue-dispatcher-tracking-fix.md	PASS	PASS	PASS	PASS	PASS		0		False	0	0	0			False	
research/findings/2026-09-04-linattn-affect-coupling-sharpness-aware-GO.md	PASS	PASS	FAIL	PASS	PASS		0		False	14	10	4	0.030	0.060	False	
research/findings/2026-09-04-linattn-flip-confirmation-affect-still-hollow-live-NOGO.md	PASS	FAIL	FAIL	FAIL	FAIL	unsupported(1)	1	prose=1	False	1	1	0	0.000	0.000	False	30:0.040:prose:0.00
research/findings/2026-09-04-linattn-shunt-gain-tier1-PARTIAL-5of6.md	FAIL	FAIL	FAIL	FAIL	FAIL	unsupported(24)	24	near-miss=2 prose=17 sign=5	False	93	90	3	0.050	0.110	False	28:0.036:near-miss:0.08 47:-0.0032:prose:0.03 48:-0.0053:prose:0.04 49:-0.0025:prose:0.03 50:-0.0033:prose:0.03 51:-0.0030:prose:0.01 52:-0.0033:prose:0.03 52:0.0021:prose:0.04 54:-0.0025:prose:0.03 54:-0.0053:prose:0.04 55:-0.0033:prose:0.03 59:0.003:near-miss:0.08 212:-0.0049:sign:0.02 212:0.0458:prose:0.01 213:-0.0370:sign:0.00 213:0.0477:prose:0.06 214:-0.0498:sign:0.01 214:0.0485:prose:0.06 215:-0.0016:sign:0.02 215:0.0477:prose:0.06 216:-0.0346:sign:0.01 217:0.0357:prose:0.07 219:0.0357:prose:0.07 220:0.0021:prose:0.04
research/findings/2026-09-04-onebrain-stage1-qwen-fallback-retire-GO.md	PASS	PASS	PASS	PASS	PASS		0		False	3	0	3			False	
research/findings/2026-09-04-onebrain-stage2-touchpoint-a-fact-clause-BUILD-AHEAD.md	FAIL	FAIL	FAIL	FAIL	FAIL	missing(1)	0		False	2	0	2			False	
research/findings/2026-09-04-onebrain-stage2-touchpoint-a-fact-clause-GO.md	PASS	PASS	PASS	PASS	PASS		0		False	0	0	0			False	
research/findings/2026-09-04-recall-gate-reaches-real-ltm-GO.md	PASS	PASS	PASS	PASS	PASS		0		False	0	0	0			False	
research/findings/2026-09-04-slotbinder-L2-sparse-fanout-derisk-GO-fits-3090-and-composes.md	PASS	PASS	PASS	PASS	PASS		0		False	0	0	0			False	
research/findings/2026-09-04-slotbinder-live-scale-derisk-NOGO-dense-pathway-blowup.md	FAIL	FAIL	FAIL	FAIL	FAIL	missing(2) too_broad(2)	2	too-broad=2	False	10	10	0	0.010	1.000	False	127:2020.1195:too-broad:1.00 127:2020.1360:too-broad:1.00
research/findings/2026-09-04-vision-crossing-heldout-scramble-anticheat-PARTIAL.md	PASS	PASS	PASS	PASS	PASS		0		False	7	7	0	0.010	0.010	False	
research/findings/2026-09-04-vsa-composer-learned-retirement-ROADMAP.md	PASS	PASS	FAIL	FAIL	FAIL	unsupported(6) too_broad(1)	7	identifier=2 near-miss=4 too-broad=1	False	16	16	0	0.100	0.270	False	88:0.007:near-miss:0.12 148:0.982:near-miss:0.10 191:0.571:too-broad:0.27 194:0.007:near-miss:0.12 208:2506.01820:identifier:0.00 251:0.982:near-miss:0.10 390:2506.01820:identifier:0.00
research/findings/2026-09-04-wkv-mouth-bpe-caps-fix-GO.md	PASS	PASS	PASS	PASS	PASS		0		False	1	1	0	0.000	0.000	False	
research/findings/2026-09-05-affect-experienced-opponent-gate-needs-embodiment-BOUNDARY.md	PASS	FAIL	FAIL	FAIL	FAIL	unsupported(3)	3	prose=3	False	18	16	2	0.010	0.040	False	169:0.294:prose:0.02 180:0.294:prose:0.02 188:0.294:prose:0.02
research/findings/2026-09-05-affect-gate-embodied-US-necessary-not-sufficient-concept-code-must-be-grounded-BOUNDARY.md	PASS	FAIL	FAIL	PASS	PASS		0		False	11	11	0	0.010	0.050	False	
research/findings/2026-09-05-affect-gate-grounded-concept-code-lifts-ceiling-requirements-derisk-PARTIAL.md	PASS	FAIL	FAIL	PASS	PASS		0		False	56	56	0	0.040	0.140	False	
research/findings/2026-09-05-affect-grounded-experience-stream-hebbian-convergence-teaches-separable-code-derisk-PARTIAL.md	PASS	FAIL	FAIL	PASS	PASS		0		False	26	26	0	0.050	0.170	False	
research/findings/2026-09-05-affect-learned-gate-retry-register-confound-BOUNDARY.md	PASS	FAIL	FAIL	PASS	PASS		0		False	13	10	3	0.040	0.050	False	
research/findings/2026-09-05-affect-noise-robust-homeostatic-three-factor-convergence-clears-strict-bar-derisk-GO.md	PASS	FAIL	FAIL	PASS	PASS		0		False	35	35	0	0.060	0.130	False	
research/findings/2026-09-05-affect-onsubstrate-noise-robust-convergence-spiking-port-built-mechanism-realized-strict-zeroFP-structural-boundary-6seed-queued-BOUNDARY.md	PASS	FAIL	FAIL	FAIL	FAIL	unsupported(1)	1	prose=1	False	14	14	0	0.000	0.030	False	93:0.583:prose:0.00
research/findings/2026-09-05-d5-depth-hold-direct-read-NO-GO-cross-topic-baseline-not-comparable.md	PASS	FAIL	FAIL	FAIL	FAIL	unsupported(3)	3	near-miss=3	False	38	38	0	0.000	0.030	False	48:0.499:near-miss:0.02 49:0.427:near-miss:0.00 51:0.284:near-miss:0.00
research/findings/2026-09-05-da-write-gain-spiking-derisk-GO.md	FAIL	FAIL	FAIL	FAIL	FAIL	unsupported(2)	2	prose=2	False	29	28	1	0.010	0.050	False	77:1.440:prose:0.05 77:0.9994:prose:0.02
research/findings/2026-09-05-deltanet-delta-rule-write-on-linattn-BUILT-wt103-direction-test-queued.md	PASS	PASS	PASS	PASS	PASS		0		False	16	8	8	0.040	0.040	False	
research/findings/2026-09-05-deltanet-wt103-direction-test-modest-lift-below-bar-NO-GO.md	PASS	FAIL	FAIL	FAIL	FAIL	unsupported(1)	1	prose=1	False	10	10	0	0.010	0.020	False	45:0.035:prose:0.02
research/findings/2026-09-05-enable-spiking-sc-split-verdict-organ-flag-GO-library-default-reverted.md	PASS	FAIL	FAIL	PASS	PASS		0		False	5	4	1	0.000	0.020	False	
research/findings/2026-09-05-eval-corpus-instrument-and-token-supply-decisive-test-queued.md	PASS	PASS	PASS	PASS	PASS		0		False	7	6	1	0.010	0.010	False	
research/findings/2026-09-05-gateB-appraisal-interoceptive-afferent-derisk-GO.md	PASS	PASS	PASS	PASS	PASS		0		False	19	19	0	0.000	0.010	False	
research/findings/2026-09-05-gateB-appraisal-interoceptive-production-flip-GO.md	PASS	PASS	PASS	FAIL	FAIL	too_broad(2)	2	too-broad=2	False	31	26	5	0.000	0.530	False	101:0.959938:too-broad:0.53 101:0.959938:too-broad:0.53
research/findings/2026-09-05-gnw-congruence-spiking-read-rank8-derisk-GO.md	PASS	FAIL	FAIL	FAIL	FAIL	unsupported(1)	1	near-miss=1	False	6	6	0	0.050	0.060	False	83:0.287:near-miss:0.02
research/findings/2026-09-05-gnw-stop-trigger-accbg-circuit-PRODUCTION-FLIP-GO.md	PASS	PASS	PASS	PASS	PASS		0		False	0	0	0			False	
research/findings/2026-09-05-gnw-stop-trigger-accbg-circuit-derisk-GO.md	PASS	FAIL	FAIL	PASS	PASS		0		False	14	14	0	0.110	0.170	False	
research/findings/2026-09-05-hippokey-hippo-ssm-content-addressable-attention-NO-GO.md	PASS	FAIL	FAIL	FAIL	FAIL	unsupported(10)	10	near-miss=5 prose=5	False	18	18	0	0.100	0.140	False	67:-0.284:near-miss:0.11 74:-0.660:near-miss:0.10 74:-0.547:prose:0.09 74:-0.420:prose:0.09 74:-0.338:near-miss:0.10 74:-0.284:near-miss:0.11 89:-0.147:prose:0.14 90:-0.125:prose:0.10 91:-0.284:near-miss:0.11 92:0.0505:prose:0.00
research/findings/2026-09-05-linattn-bare-default-fresh-subprocess-verdict.md	PASS	PASS	PASS	PASS	PASS		0		False	2	1	1	0.000	0.000	False	
research/findings/2026-09-05-linattn-check-b-dropped-nogo-recovered-and-reproduced.md	PASS	PASS	PASS	PASS	PASS		0		False	0	0	0			False	
research/findings/2026-09-05-metacog-accumulation-to-bound-middle-band-PARTIAL.md	PASS	FAIL	FAIL	FAIL	FAIL	unsupported(3) too_broad(29)	32	near-miss=2 prose=1 too-broad=29	False	34	32	2	0.370	0.450	False	46:0.825:too-broad:0.31 50:0.959:too-broad:0.22 50:0.954:too-broad:0.26 50:0.825:too-broad:0.31 99:0.867:prose:0.32 99:0.058:near-miss:0.22 136:0.574:too-broad:0.33 136:0.600:too-broad:0.39 136:0.026:near-miss:0.26 137:0.306:too-broad:0.40 137:0.444:too-broad:0.38 137:0.139:too-broad:0.31 138:0.487:too-broad:0.40 138:0.575:too-broad:0.37 138:0.087:too-broad:0.29 139:0.446:too-broad:0.37 139:0.530:too-broad:0.37 139:0.084:too-broad:0.33 143:0.542:too-broad:0.36 143:0.586:too-broad:0.43 144:0.043:too-broad:0.26 149:0.585:too-broad:0.45 149:0.618:too-broad:0.33 149:0.525:too-broad:0.40 149:0.631:too-broad:0.41 150:0.446:too-broad:0.37 150:0.530:too-broad:0.37 151:0.553:too-broad:0.41 151:0.490:too-broad:0.42 157:0.446:too-broad:0.37 169:0.585:too-broad:0.45 169:0.631:too-broad:0.41
research/findings/2026-09-05-metacog-spiking-margin-prodflip-verify-NOGO.md	PASS	FAIL	FAIL	FAIL	FAIL	unsupported(2)	2	prose=2	False	12	12	0	0.110	0.180	False	232:0.504:prose:0.11 232:0.615:prose:0.09
research/findings/2026-09-05-metacog-spiking-recall-margin-derisk-PARTIAL.md	PASS	FAIL	FAIL	FAIL	FAIL	unsupported(6) too_broad(4)	10	identifier=3 near-miss=3 too-broad=4	False	36	34	2	0.150	0.240	False	53:0.156:too-broad:0.24 54:0.696:too-broad:0.22 58:0.156:too-broad:0.24 60:0.410:too-broad:0.22 66:1903.09215:identifier:0.00 78:0.504:identifier:0.23 78:0.615:identifier:0.19 80:0.504:near-miss:0.23 80:0.504:near-miss:0.23 80:0.615:near-miss:0.19
research/findings/2026-09-05-mouth-broad-domain-fluency-deep-research-ladder.md	PASS	PASS	FAIL	FAIL	FAIL	unsupported(13)	13	identifier=7 prose=6	False	13	13	0	0.000	0.030	False	13:2412.06464:identifier:0.00 13:2503.14456:identifier:0.00 14:2406.06484:identifier:0.00 16:2602.18131:identifier:0.00 17:2511.05560:identifier:0.00 17:2305.16264:identifier:0.00 18:2203.15556:identifier:0.00 112:-0.347:prose:0.00 112:-0.147:prose:0.03 112:-0.284:prose:0.01 113:0.794:prose:0.01 113:0.633:prose:0.01 113:0.661:prose:0.01
research/findings/2026-09-05-mouth-objective-lever-flat-on-broad-domain-architecture-is-wrong-axis-NO-GO.md	PASS	FAIL	FAIL	FAIL	FAIL	unsupported(6)	6	prose=6	False	19	19	0	0.010	0.040	False	46:-0.005:prose:0.03 46:-0.012:prose:0.01 46:-0.010:prose:0.02 46:-0.007:prose:0.03 46:0.005:prose:0.04 48:0.005:prose:0.04
research/findings/2026-09-05-mouth-token-scaling-step1-simplewiki-domain-mix-NO-GO.md	FAIL	FAIL	FAIL	FAIL	FAIL	missing(1) unsupported(19)	19	prose=19	False	24	24	0	0.010	0.030	False	49:0.964:prose:0.02 49:-0.627:prose:0.00 49:-0.524:prose:0.01 49:-0.459:prose:0.00 49:-0.397:prose:0.00 49:-0.312:prose:0.01 50:-0.454:prose:0.01 51:-0.025:prose:0.00 51:-0.057:prose:0.01 51:-0.070:prose:0.02 51:-0.057:prose:0.01 51:-0.041:prose:0.00 51:-0.026:prose:0.03 53:-0.026:prose:0.03 54:4.765:prose:0.02 54:8.641:prose:0.00 55:3.876:prose:0.00 55:5.878:prose:0.00 55:1.113:prose:0.00
research/findings/2026-09-05-onebrain-fact-shard-dg-ca3-sublinear-spiking-retrieval-derisk-GO.md	PASS	FAIL	FAIL	PASS	PASS		0		False	5	5	0	0.000	0.030	False	
research/findings/2026-09-05-onebrain-fact-shard-wirein-production-composer.md	PASS	FAIL	FAIL	PASS	PASS		0		False	10	10	0	0.020	0.040	False	
research/findings/2026-09-05-onebrain-single-pool-production-flip-derisk-GO.md	PASS	PASS	PASS	PASS	PASS		0		False	0	0	0			False	
research/findings/2026-09-05-own-voice-fluency-reaim-objective-and-capacity-ROADMAP.md	PASS	PASS	FAIL	FAIL	FAIL	unsupported(11)	11	identifier=2 near-miss=5 prose=4	False	19	19	0	0.060	0.120	False	11:-0.147:prose:0.12 11:-0.284:near-miss:0.10 13:0.0505:prose:0.00 16:0.794:near-miss:0.06 25:0.794:near-miss:0.06 27:2203.15556:identifier:0.00 50:-0.147:prose:0.12 51:-0.284:near-miss:0.10 61:0.0505:prose:0.00 70:0.794:near-miss:0.06 79:2203.15556:identifier:0.00
research/findings/2026-09-05-per-step-kernel-profile-composer-latency-reducible-GPU.md	PASS	FAIL	FAIL	PASS	PASS		0		False	8	8	0	0.010	0.010	False	
research/findings/2026-09-05-rank10-curiosity-graded-novelty-familiarity-scaffold-derisk-GO.md	PASS	PASS	PASS	PASS	PASS		0		False	9	9	0	0.010	0.030	False	
research/findings/2026-09-05-rank11-topic-swap-scaffold-backlog-item-already-integrated.md	PASS	FAIL	FAIL	PASS	FAIL	unsupported(1)	1	code-span=1	False	6	6	0	0.080	0.100	False	120:0.2666:code-span:0.00
research/findings/2026-09-05-rank13-selfid-anaphora-PRODUCTION-FLIP-NO-GO-stale-referent-selfalias-misroute.md	PASS	PASS	PASS	PASS	PASS		0		False	0	0	0			False	
research/findings/2026-09-05-rank13-selfid-anaphora-production-flip-CORRECTED-DIAGNOSIS.md	PASS	PASS	PASS	PASS	PASS		0		False	0	0	0			False	
research/findings/2026-09-05-rank13-selfid-anaphora-scaffold-derisk-GO-6of6.md	PASS	PASS	PASS	PASS	PASS		0		False	0	0	0			False	
research/findings/2026-09-05-rank16-rank20-rank10-production-flip-GO.md	PASS	PASS	PASS	PASS	PASS		0		False	10	5	5	0.020	0.030	False	
research/findings/2026-09-05-rank2-integrated-loop-at-scale-answer-preservation-UNDEFINED-recall-incomplete.md	PASS	PASS	PASS	PASS	PASS		0		False	0	0	0			False	
research/findings/2026-09-05-rank2-integrated-loop-webapp-thread-derisk.md	PASS	PASS	PASS	PASS	PASS		0		False	0	0	0			False	
research/findings/2026-09-05-rank23-vision-cluster-grouping-decision-spiking-wta-derisk-GO.md	PASS	PASS	PASS	PASS	PASS		0		False	3	3	0	0.000	0.000	False	
research/findings/2026-09-05-rank6-knowledge-core-substrate-write-scaled-derisk-mixed.md	PASS	PASS	PASS	PASS	PASS		0		False	0	0	0			False	
research/findings/2026-09-05-rank6-shardedphasorstore-pickle-fix-GO.md	PASS	PASS	PASS	PASS	PASS		0		False	0	0	0			False	
research/findings/2026-09-05-scaffold-backlog-hygiene-and-diversified-ready-next-rungs-PLANNING.md	PASS	PASS	PASS	PASS	PASS		0		False	0	0	0			False	
research/findings/2026-09-05-selfschema-authorship-neural-turnclass-derisk-PARTIAL.md	PASS	PASS	PASS	PASS	PASS		0		False	27	27	0	0.000	0.020	False	
research/findings/2026-09-05-shared-salience-afferent-production-default-flip-GO.md	PASS	FAIL	FAIL	PASS	PASS		0		False	57	57	0	0.060	0.160	False	
research/findings/2026-09-05-shared-spiking-salience-afferent-wired-GO.md	PASS	PASS	PASS	PASS	PASS		0		False	27	0	27			False	
research/findings/2026-09-05-slotbinder-L3-wirein-derisk-NOGO-perstep-cost-dominates-latency.md	PASS	PASS	FAIL	FAIL	FAIL	unsupported(1)	1	prose=1	False	1	1	0	0.000	0.000	False	261:0.113:prose:0.00
research/findings/2026-09-05-value-choice-real-critic-neural-salience-context-6seed-GO.md	PASS	PASS	PASS	PASS	PASS		0		False	14	0	14			False	
research/findings/2026-09-06-metacog-accumulation-to-bound-6seed-PARTIAL.md	PASS	FAIL	FAIL	FAIL	FAIL	too_broad(19)	19	too-broad=19	True	19	19	0	0.460	0.550	False	41:0.600:too-broad:0.43 41:0.478:too-broad:0.46 42:0.628:too-broad:0.53 42:0.495:too-broad:0.40 43:0.579:too-broad:0.41 43:0.522:too-broad:0.47 44:0.551:too-broad:0.49 47:0.596:too-broad:0.54 47:0.580:too-broad:0.43 47:0.454:too-broad:0.50 47:0.401:too-broad:0.55 47:0.466:too-broad:0.49 47:0.437:too-broad:0.38 48:0.546:too-broad:0.47 48:0.395:too-broad:0.46 48:0.457:too-broad:0.38 48:0.483:too-broad:0.41 48:0.645:too-broad:0.42 48:0.572:too-broad:0.42
research/findings/2026-09-06-mouth-fineweb-edu-corpus-quality-lift-GO-direction.md	PASS	FAIL	FAIL	FAIL	FAIL	unsupported(8)	8	prose=7 sign=1	False	21	21	0	0.020	0.040	False	48:-0.454:sign:0.01 49:-0.041:prose:0.01 49:0.183:prose:0.03 49:0.172:prose:0.02 49:0.220:prose:0.01 49:0.195:prose:0.03 49:0.204:prose:0.02 51:0.204:prose:0.02
research/findings/2026-09-06-mouth-token-scaling-fineweb-pipeline-and-grid-spec.md	PASS	PASS	PASS	PASS	PASS		0		False	24	1	23	0.030	0.030	False	
research/findings/2026-09-06-vllm-sleep-mode-pilot-prep-complete-gpu-test-pending.md	PASS	PASS	PASS	PASS	PASS		0		False	0	0	0			False	
research/findings/2026-09-07-fork-emergence-gradient-place-familiarity-affect.md	PASS	PASS	PASS	PASS	PASS		0		False	1	0	1			False	
research/findings/2026-09-08-affect-opponent-columnar-spiking-worst-case-unchanged-BOUNDARY.md	PASS	FAIL	FAIL	FAIL	FAIL	unsupported(1)	1	prose=1	False	50	49	1	0.040	0.070	False	66:0.0095:prose:0.01
research/findings/2026-09-08-gnw-congruence-spiking-PRODUCTION-FLIP-GO.md	PASS	PASS	PASS	PASS	PASS		0		False	0	0	0			False	
research/findings/2026-09-08-joint-attention-rung1-sts-tpj-onsubstrate-synapse-6seed-GO.md	PASS	PASS	FAIL	PASS	PASS		0		False	53	44	9	0.000	0.050	False	
research/findings/2026-09-08-onebrain-crossedge-curiosity-to-d6wm-retuned-6-6-GO-via-training-drive-not-episode-count.md	PASS	FAIL	FAIL	FAIL	FAIL	unsupported(3) too_broad(4)	7	code-span=1 prose=2 too-broad=4	False	55	55	0	0.030	0.910	False	59:1.6149:too-broad:0.21 60:1.6478:code-span:0.12 92:-0.0200:prose:0.01 93:-0.0190:prose:0.02 105:3.490537:too-broad:0.80 105:3.000558:too-broad:0.91 105:3.297610:too-broad:0.69
research/findings/2026-09-08-onebrain-curiosity-d6-semantic-drop-competitive-allocation-confound-CLOSED.md	PASS	PASS	PASS	PASS	PASS		0		False	0	0	0			False	
research/findings/2026-09-08-onebrain-kmax-loadpath-thread-GO.md	PASS	PASS	PASS	PASS	PASS		0		False	0	0	0			False	
research/findings/2026-09-08-order-consolidation-v9-true-sparsity-scaleup-NO-GO-readout-threshold-not-mechanism.md	PASS	FAIL	FAIL	FAIL	FAIL	unsupported(1)	1	prose=1	False	27	27	0	0.030	0.080	False	44:0.0285277:prose:0.00
research/findings/2026-09-08-plastic-mask-stdp-residual-CORRECTED-test-instrument-not-a-gap.md	PASS	PASS	PASS	PASS	PASS		0		False	1	0	1			False	
research/findings/2026-09-08-rank1-composer-rebuild-rf-to-onebrain-real-bundle-parity-GO.md	PASS	PASS	PASS	PASS	PASS		0		False	11	11	0	0.000	0.020	False	
research/findings/2026-09-08-rank1-yesno-multiblock-rung-GO.md	PASS	PASS	FAIL	FAIL	FAIL	unsupported(8)	8	no-pool=8	False	8	8	0	0.000	0.000	False	39:1.0000:no-pool:0.00 40:0.716:no-pool:0.00 40:0.99621:no-pool:0.00 40:0.99621:no-pool:0.00 43:0.994:no-pool:0.00 43:0.99379:no-pool:0.00 45:0.9947:no-pool:0.00 45:0.9952:no-pool:0.00
research/findings/2026-09-08-rank6-substrate-store-cupy-vram-measured-GO.md	PASS	PASS	PASS	PASS	PASS		0		False	11	9	2	0.000	0.000	False	
research/findings/2026-09-09-gap4-dendritic-urbanczik-senn-read-snr-clean-NO-GO-second-read-lever.md	PASS	PASS	PASS	PASS	PASS		0		False	8	3	5	0.050	0.050	False	
research/findings/2026-09-09-mouth-token-scaling-fineweb-edu-same-domain-DEEP-MARGIN-LIFT-direction-GO.md	FAIL	FAIL	FAIL	FAIL	FAIL	missing(1) unsupported(11)	11	prose=10 sign=1	False	25	18	7	0.010	0.030	False	38:-0.570:prose:0.01 38:0.183:prose:0.03 39:-0.454:sign:0.00 39:0.172:prose:0.01 40:-0.402:prose:0.00 40:0.220:prose:0.00 41:-0.356:prose:0.01 41:0.195:prose:0.03 42:-0.286:prose:0.01 42:0.204:prose:0.01 71:-0.408:prose:0.00
research/findings/2026-09-09-order-consolidation-v10-indegree-law-scale-invariant-6seed-GO.md	PASS	PASS	PASS	PASS	PASS		0		False	3	0	3			False	
research/findings/2026-09-09-rank14-question-route-selection-wta-derisk-GO.md	PASS	PASS	PASS	PASS	PASS		0		False	0	0	0			False	
research/findings/2026-09-09-rank14-question-route-selection-wta-wirein-default-off.md	PASS	PASS	PASS	PASS	PASS		0		False	4	0	4			False	
research/findings/2026-09-09-scaffold-retirement-flips-composer-onebrain-and-substrate-store-LTM-no-regression-GO.md	PASS	PASS	PASS	PASS	PASS		0		False	0	0	0			False	
research/findings/2026-09-09-spiking-anaphor-detection-CA3-pattern-completion-6seed-GO.md	PASS	PASS	PASS	PASS	PASS		0		False	31	27	4	0.000	0.010	False	
research/findings/2026-09-09-spiking-anaphor-detection-wirein-both-callsites-default-off.md	PASS	FAIL	FAIL	PASS	PASS		0		False	41	41	0	0.000	0.010	False	
research/findings/2026-09-09-spiking-habituation-synaptic-depression-novelty-mechanism-6seed-GO.md	PASS	PASS	PASS	PASS	PASS		0		False	42	42	0	0.010	0.030	False	
research/findings/2026-09-09-spiking-novelty-wirein-engagement-of-default-off.md	PASS	FAIL	FAIL	PASS	PASS		0		False	54	54	0	0.050	0.120	False	
research/findings/2026-09-09-vision-configural-binding-attention-gated-readout-NEXT-MECHANISM-PREREGISTERED.md	PASS	PASS	FAIL	FAIL	FAIL	unsupported(6)	6	prose=3 sign=3	False	35	35	0	0.020	0.070	False	137:-0.2188:sign:0.00 137:0.0416:prose:0.01 138:-0.0937:prose:0.01 138:-0.1667:sign:0.00 139:-0.1354:sign:0.00 147:0.042:prose:0.07
research/findings/2026-09-09-vision-configural-binding-competitive-selection-NEXT-MECHANISM-PREREGISTERED.md	PASS	PASS	FAIL	FAIL	FAIL	unsupported(2)	2	prose=2	False	31	31	0	0.020	0.050	False	9:0.0025:prose:0.01 145:0.0025:prose:0.01
research/findings/2026-09-09-vision-configural-binding-triple-order-conjunction-NEXT-MECHANISM-PREREGISTERED.md	PASS	PASS	PASS	PASS	PASS		0		False	15	15	0	0.020	0.050	False	
research/findings/2026-09-15-gap4-inengine-selfpredict-interneuron-UNDEFINED-transport-ceiling-foreclosed.md	FAIL	FAIL	FAIL	FAIL	FAIL	missing(5)	0		False	15	15	0	0.100	0.140	False	
research/findings/2026-09-15-rank7-affect-opponent-gain-sweep-mistargeted-boundary-reproduced-6seed.md	PASS	FAIL	FAIL	FAIL	FAIL	unsupported(1)	1	prose=1	False	7	7	0	0.020	0.030	False	40:0.027:prose:0.03
research/findings/2026-09-15-token-supply-scaling-6seed-lever-confirmed-descending-load-cap-found.md	PASS	FAIL	FAIL	FAIL	FAIL	too_broad(17)	17	too-broad=17	True	19	19	0	0.260	0.300	False	48:4.128:too-broad:0.28 48:3.976:too-broad:0.27 49:3.964:too-broad:0.24 49:3.928:too-broad:0.28 50:3.945:too-broad:0.25 50:3.906:too-broad:0.26 51:3.830:too-broad:0.22 51:3.785:too-broad:0.21 52:3.726:too-broad:0.24 54:0.009:too-broad:0.26 57:0.036:too-broad:0.30 57:0.048:too-broad:0.26 58:3.976:too-broad:0.27 58:3.928:too-broad:0.28 58:3.906:too-broad:0.26 59:3.785:too-broad:0.21 59:3.976:too-broad:0.27
research/findings/2026-09-16-biased-competition-content-bias-target-RETIRED.md	PASS	FAIL	FAIL	PASS	FAIL	unsupported(2)	2	identifier=2	False	2	2	0	0.000	0.000	False	79:10.1523:identifier:0.00 79:05.2006:identifier:0.00
research/findings/2026-09-16-gap5-forward-band-homeostatic-scaling-ltu-NO-GO-redirect-read-noise-floor.md	PASS	FAIL	FAIL	PASS	PASS		0		False	5	5	0	0.110	0.110	False	
research/findings/2026-09-16-graded-bias-regression-FIXED-designed-cross-inhibition-restored-fs7.md	PASS	PASS	PASS	PASS	PASS		0		False	0	0	0			False	
research/findings/2026-09-16-host-removal-novelty-anaphor-qroute-RETIRED-byte-identical-differential-GO.md	PASS	PASS	PASS	PASS	PASS		0		False	0	0	0			False	
research/findings/2026-09-16-onebrain-xedge-curiosity-d6-base-rung-DEFAULT-ON-flip-GO.md	PASS	FAIL	FAIL	PASS	PASS		0		False	1	1	0	0.070	0.070	False	
research/findings/2026-09-16-pool-harvest-vision-satdiv-ridge-lifts-off-borderline-touchpointa-multiseed.md	PASS	PASS	PASS	PASS	PASS		0		False	0	0	0			False	
research/findings/2026-09-16-rank7-affect-xinh-competition-strength-sweep-EXHAUSTED-confirms-park.md	PASS	FAIL	FAIL	FAIL	FAIL	unsupported(6)	6	near-miss=6	False	18	18	0	0.010	0.020	False	45:0.201:near-miss:0.00 46:0.201:near-miss:0.00 47:0.201:near-miss:0.00 48:0.201:near-miss:0.00 49:0.201:near-miss:0.00 50:0.201:near-miss:0.00
research/findings/2026-09-16-vision-nglimpses-temporal-evidence-integration-lifts-capability-2of6-to-4of6.md	PASS	FAIL	FAIL	PASS	PASS		0		False	7	7	0	0.110	0.190	False	
research/findings/2026-09-16-wirein-flips-biased-competition-gnw-stop-conflict-scaled-DEFAULT-ON-GO.md	PASS	PASS	PASS	PASS	PASS		0		False	0	0	0			False	
research/findings/2026-09-16-wiring-flips-novelty-anaphor-qroute-DEFAULT-ON-integrated-no-regression-GO.md	PASS	PASS	PASS	PASS	PASS		0		False	0	0	0			False	
research/findings/2026-09-17-affect-grounded-experience-stream-300k-PARTIAL-noise-robustness-not-data-scale.md	PASS	FAIL	FAIL	PASS	PASS		0		False	9	9	0	0.040	0.120	False	
research/findings/2026-09-17-affect-noise-robustness-multicue-learned-reliability-mechanism-validated-strict-bar-PARTIAL.md	PASS	FAIL	FAIL	PASS	FAIL	unsupported(5)	5	identifier=5	False	31	31	0	0.080	0.130	False	76:10.1038:identifier:0.00 77:10.3389:identifier:0.00 79:10.1038:identifier:0.00 79:10.1038:identifier:0.00 79:10.1093:identifier:0.00
research/findings/2026-09-17-biased-competition-shared-pool-Nway-divisive-closes-3referent-residual-GO.md	PASS	PASS	PASS	PASS	PASS		0		False	0	0	0			False	
research/findings/2026-09-17-da-write-gain-spiking-host-formula-circularity-closed-GO.md	PASS	FAIL	FAIL	PASS	PASS		0		False	2	2	0	0.060	0.060	False	
research/findings/2026-09-17-gap5-read-noise-floor-instrument-lane-is-read-noise-dominated-K18.md	PASS	FAIL	FAIL	PASS	PASS		0		False	2	2	0	0.030	0.030	False	
research/findings/2026-09-17-learned-spiking-constituent-boundary-segmentation-retires-host-segment-clause-GO.md	PASS	FAIL	FAIL	PASS	FAIL	unsupported(1)	1	identifier=1	False	9	9	0	0.020	0.070	False	73:1911.09230:identifier:0.00
research/findings/2026-09-17-mouth-token-supply-n2M-CAPACITY-SATURATED-at-small-sizes-lever-is-parameters-not-tokens.md	PASS	FAIL	FAIL	FAIL	FAIL	unsupported(2)	2	identifier=1 prose=1	False	2	2	0	0.060	0.060	False	47:0.076:prose:0.06 50:2203.15556:identifier:0.00
research/findings/2026-09-17-multi-turn-agent-v2-host-anaphor-list-RETIRED-byte-identical.md	PASS	PASS	PASS	PASS	PASS		0		False	0	0	0			False	
research/findings/2026-09-17-onebrain-11organ-flip-integrated-battery-da-mode-engagement-regression-HELD-default-off.md	FAIL	FAIL	FAIL	FAIL	FAIL	unsupported(11)	11	identifier=1 prose=10	False	11	11	0	0.000	0.000	False	23:0.165:prose:0.00 67:0.165:prose:0.00 67:0.173:prose:0.00 67:0.185:prose:0.00 67:0.133:prose:0.00 67:0.153:prose:0.00 82:0.734:prose:0.00 83:0.483:prose:0.00 83:0.648:prose:0.00 83:0.165:prose:0.00 102:0.734:identifier:0.00
research/findings/2026-09-17-onebrain-wave1-wave2-organ-merge-9-organs-one-pool-GO.md	PASS	PASS	PASS	PASS	PASS		0		False	0	0	0			False	
research/findings/2026-09-17-onebrain-wave3-organ-merge-ALL-11-organs-one-pool-GO.md	PASS	PASS	PASS	PASS	PASS		0		False	0	0	0			False	
research/findings/2026-09-17-segmentation-verb-object-residual-is-non-existent-baseline-already-detects-lateral-competition-lever-NOGO.md	PASS	FAIL	FAIL	FAIL	FAIL	unsupported(1)	1	near-miss=1	False	14	14	0	0.040	0.080	False	55:0.818:near-miss:0.08
research/findings/2026-09-17-spiking-anaphor-detection-extended-gendered-pronouns-he-she-him-her-GO.md	PASS	PASS	PASS	PASS	PASS		0		False	0	0	0			False	
research/findings/2026-09-17-vision-s2-sail-anti-hebbian-decorrelation-learning-NOGO-underperforms-frozen-random-like-BCM.md	PASS	FAIL	FAIL	PASS	PASS		0		False	2	2	0	0.130	0.130	False	
research/findings/2026-09-17-vision-s2-template-learning-all-three-classes-NOGO-residual-is-DATA-limited-frozen-random-satdiv-GO.md	PASS	FAIL	FAIL	FAIL	FAIL	unsupported(1) too_broad(14)	15	near-miss=1 too-broad=14	False	18	18	0	0.220	0.280	False	60:0.510:too-broad:0.21 60:0.438:too-broad:0.26 60:0.375:too-broad:0.23 60:0.479:too-broad:0.24 60:0.448:too-broad:0.28 61:0.477:too-broad:0.26 63:0.238:too-broad:0.21 71:0.985:near-miss:0.10 75:0.510:too-broad:0.21 75:0.479:too-broad:0.24 82:0.391:too-broad:0.28 82:0.471:too-broad:0.21 82:0.477:too-broad:0.26 83:0.517:too-broad:0.21 83:0.543:too-broad:0.22
research/findings/2026-09-17-vision-satdiv-divisive-norm-is-the-decisive-lever-for-position-invariant-readout-binding-not-load-bearing-GO.md	PASS	FAIL	FAIL	PASS	PASS		0		False	5	5	0	0.160	0.160	False	
research/findings/2026-09-18-scaling-go-no-go-raw-scale-falsified-lever-is-data-do-not-buy-hardware-yet.md	PASS	FAIL	FAIL	FAIL	FAIL	unsupported(6)	6	prose=6	False	15	15	0	0.010	0.060	False	65:-0.408:prose:0.01 65:-0.082:prose:0.03 65:4.826:prose:0.00 65:4.802:prose:0.00 109:0.998:prose:0.00 110:0.894:prose:0.00
research/findings/2026-09-19-load-bearing-fraction-baseline-16of26-first-reading.md	FAIL	FAIL	FAIL	FAIL	FAIL	missing(1)	0		False	4	0	4			False	
research/findings/2026-09-20-hollow-affect-coloring-drive-diagnosis-and-probe-fix.md	PASS	PASS	PASS	PASS	PASS		0		False	1	0	1			False	
research/findings/2026-09-20-hollow-bg-action-selection-drive-diagnosis-and-probe-fix.md	PASS	PASS	PASS	PASS	PASS		0		False	0	0	0			False	
research/findings/2026-09-20-hollow-common-ground-drives-drive-diagnosis-and-probe-fix.md	PASS	PASS	PASS	PASS	PASS		0		False	2	0	2			False	
research/findings/2026-09-20-hollow-discourse-register-drive.md	PASS	PASS	PASS	PASS	PASS		0		False	0	0	0			False	
research/findings/2026-09-20-hollow-episodic-drive-diagnosis-and-probe-fix.md	FAIL	FAIL	FAIL	FAIL	FAIL	unsupported(1)	1	prose=1	False	2	2	0	0.000	0.000	False	10:0.909:prose:0.00
research/findings/2026-09-20-hollow-noncontradiction-gate-drive-diagnosis-and-probe-fix.md	PASS	PASS	PASS	PASS	PASS		0		False	1	0	1			False	
research/findings/2026-09-20-hollow-set-attack-6of9-probe-artifacts-verified.md	PASS	PASS	PASS	PASS	PASS		0		False	0	0	0			False	
research/findings/2026-09-20-hollow-surprise-monitor-confirm-probe-fix.md	PASS	PASS	PASS	PASS	PASS		0		False	2	0	2			False	
research/findings/2026-09-20-load-bearing-fraction-6seed-0.59-robust-core-14.md	PASS	PASS	PASS	PASS	PASS		0		False	5	2	3	0.000	0.000	False	
research/findings/2026-09-20-prospective-memory-drive-v2-intervening-turns-flip.md	PASS	PASS	PASS	PASS	PASS		0		False	19	17	2	0.010	0.040	False	
research/findings/2026-09-20-scaling-3seed-confirm-nogo-capacity-saturated.md	PASS	PASS	PASS	PASS	PASS		0		False	3	3	0	0.000	0.010	False	
research/findings/2026-09-21-load-bearing-borderline-operating-point-diagnosis.md	PASS	FAIL	FAIL	PASS	PASS		0		False	19	19	0	0.040	0.070	False	
research/findings/2026-09-21-load-bearing-fraction-6seed-adequate-0.85-robust-core-20.md	PASS	FAIL	FAIL	FAIL	FAIL	unsupported(5)	5	prose=5	False	8	8	0	0.000	0.010	False	18:0.8526:prose:0.00 18:0.0264:prose:0.00 19:0.8077:prose:0.00 19:0.8846:prose:0.01 19:0.8846:prose:0.01
research/findings/2026-09-21-open-ended-generation-single-turn-not-load-bearing-spiking-plausibility-gate-masks-draw.md	PASS	FAIL	FAIL	PASS	PASS		0		False	1	1	0	0.050	0.050	False	
research/findings/2026-09-22-affect-tone-decode-ceiling-diagnosis-distribution-shift-INPROGRESS.md	FAIL	FAIL	FAIL	FAIL	FAIL	missing(1) too_broad(8)	8	too-broad=8	False	31	31	0	0.110	0.860	False	80:0.003218:too-broad:0.44 80:0.002209:too-broad:0.73 81:0.155:too-broad:0.23 83:6.139:too-broad:0.86 83:6.641:too-broad:0.75 88:0.0727:too-broad:0.21 89:0.0527:too-broad:0.32 92:0.0682:too-broad:0.23
research/findings/2026-09-22-affect-tone-open-output-directional-6seed-positive-asymmetric-NOGO.md	PASS	FAIL	FAIL	FAIL	FAIL	unsupported(3)	3	prose=3	False	39	39	0	0.010	0.050	False	101:0.0006:prose:0.03 105:0.038:prose:0.05 105:-0.038:prose:0.03
research/findings/2026-09-22-borderline-separability-stabilizer-is-buildable.md	PASS	FAIL	FAIL	FAIL	FAIL	unsupported(1)	1	prose=1	False	11	11	0	0.040	0.070	False	28:0.143:prose:0.05
research/findings/2026-09-22-metacog-graded-marker-go-6seed.md	FAIL	FAIL	FAIL	FAIL	FAIL	missing(1) unsupported(2) too_broad(1)	3	near-miss=1 prose=1 too-broad=1	False	40	40	0	0.010	0.220	False	49:0.585:prose:0.03 113:0.0441:too-broad:0.22 129:0.0027:near-miss:0.12
research/findings/2026-09-22-prospective-memory-facilitation-load-bearing-6seed.md	FAIL	FAIL	FAIL	FAIL	FAIL	unsupported(5)	5	near-miss=1 prose=4	False	24	16	8	0.090	0.140	False	36:0.222:prose:0.09 38:0.204:prose:0.14 82:0.199:near-miss:0.08 82:0.198:prose:0.10 82:0.207:prose:0.09
research/findings/2026-09-22-source-provenance-abstain-at-tie-load-bearing-6-6.md	PASS	PASS	PASS	FAIL	FAIL	too_broad(2)	2	too-broad=2	False	20	20	0	0.000	1.000	False	34:0.9999998:too-broad:1.00 69:0.9999998:too-broad:1.00
research/findings/2026-09-23-affect-conditioned-mouth-live-valence-diagnosis-and-staged-derisk.md	FAIL	FAIL	FAIL	FAIL	FAIL	unsupported(9)	9	near-miss=2 prose=7	False	24	10	14	0.140	0.200	False	45:0.475:prose:0.20 46:0.449:prose:0.10 46:0.237:prose:0.13 51:0.475:prose:0.20 54:-0.4725:prose:0.00 54:-0.475:prose:0.05 132:0.448:prose:0.15 133:0.073:near-miss:0.13 133:0.086:near-miss:0.14
research/findings/2026-09-23-affect-marker-settle-deliberation-and-rest-oplevel-go-6seed.md	PASS	FAIL	FAIL	PASS	PASS		0		False	43	40	3	0.070	0.170	False	
research/findings/2026-09-23-affect-marker-settle-fullbrain-contrast-PARTIAL-6seed.md	PASS	PASS	PASS	PASS	PASS		0		False	0	0	0			False	
research/findings/2026-09-23-affect-tone-neural-coupling-6seed-subdelta-NOGO.md	FAIL	FAIL	FAIL	PASS	FAIL	unsupported(4)	4	identifier=4	False	10	4	6	0.000	0.000	False	67:2111.04730:identifier:0.00 68:2501.05710:identifier:0.00 76:2111.04730:identifier:0.00 76:2111.04730:identifier:0.00
research/findings/2026-09-23-allfixes-adequate-battery-6seed-robust-core-24.md	PASS	PASS	PASS	PASS	PASS		0		False	10	6	4	0.000	0.000	False	
research/findings/2026-09-23-allfixes-settle-battery-6seed-robust-core-25.md	PASS	PASS	PASS	PASS	PASS		0		False	7	7	0	0.000	0.010	False	
research/findings/2026-09-23-ca3-superposed-fact-attractor-capacity-PREREGISTRATION.md	PASS	PASS	PASS	FAIL	FAIL	too_broad(1)	1	too-broad=1	True	9	1	8	0.220	0.220	False	248:0.055:too-broad:0.22
research/findings/2026-09-23-cpu-lane-harvest-curiosity-metacog-conflict-xedge-6seed-no-go.md	PASS	PASS	FAIL	FAIL	FAIL	unsupported(1)	1	near-miss=1	False	21	21	0	0.020	0.100	False	97:-0.954:near-miss:0.01
research/findings/2026-09-23-cpu-lane-harvest-language-lexicon-referent-v2-S2-pending.md	PASS	PASS	FAIL	FAIL	FAIL	unsupported(44)	44	code-span=1 prose=43	False	94	94	0	0.010	0.080	False	93:0.4561:prose:0.01 93:0.2827:prose:0.00 94:0.6880:prose:0.00 94:0.3160:prose:0.00 95:0.5138:prose:0.02 95:0.2594:prose:0.00 96:0.6641:prose:0.01 96:0.3028:prose:0.00 97:0.6948:prose:0.01 97:0.2657:prose:0.00 98:0.6320:prose:0.00 98:0.3232:prose:0.01 99:0.7904:prose:0.02 99:0.1822:prose:0.00 99:0.6081:prose:0.01 99:0.4865:prose:0.01 99:0.2594:prose:0.00 99:0.7718:prose:0.00 99:0.8358:prose:0.02 101:0.1822:prose:0.00 101:0.4561:prose:0.01 101:0.6081:prose:0.01 101:0.2594:prose:0.00 104:0.4561:code-span:0.01 105:0.6081:prose:0.01 107:0.2594:prose:0.00 108:0.313:prose:0.08 120:0.7639:prose:0.00 120:0.0972:prose:0.00 136:0.7904:prose:0.02 136:0.7718:prose:0.00 136:-0.0186:prose:0.00 136:-0.0186:prose:0.00 137:0.7904:prose:0.02 137:0.8358:prose:0.02 138:0.7904:prose:0.02 139:0.8358:prose:0.02 142:0.828:prose:0.06 143:0.8358:prose:0.02 147:0.7904:prose:0.02 147:0.7718:prose:0.00 147:-0.0186:prose:0.00 174:0.7778:prose:0.03 174:0.7904:prose:0.02
research/findings/2026-09-23-cpu-lane-harvest-language-lexicon-referent-v2-S2-scored-6seed-GO.md	PASS	PASS	FAIL	FAIL	FAIL	unsupported(17) too_broad(43)	60	near-miss=9 prose=8 too-broad=43	False	96	96	0	0.270	0.800	False	128:0.3316:too-broad:0.68 128:0.4561:too-broad:0.54 128:0.4960:too-broad:0.42 128:0.2827:too-broad:0.68 129:0.1365:too-broad:0.33 129:0.6880:too-broad:0.31 129:0.4468:too-broad:0.42 129:0.3160:too-broad:0.68 130:0.2427:too-broad:0.80 130:0.5138:too-broad:0.48 130:0.4962:too-broad:0.44 130:0.2594:too-broad:0.74 130:0.7403:too-broad:0.27 131:0.1024:too-broad:0.21 131:0.6641:prose:0.55 131:0.3879:too-broad:0.55 131:0.3028:too-broad:0.74 131:0.7383:too-broad:0.26 132:0.1184:too-broad:0.21 132:0.6948:prose:0.50 132:0.5664:too-broad:0.46 132:0.2657:near-miss:0.80 133:0.1619:too-broad:0.62 133:0.6320:too-broad:0.39 133:0.5254:too-broad:0.49 133:0.3232:too-broad:0.64 134:0.1822:too-broad:0.69 134:0.6081:near-miss:0.48 134:0.4865:too-broad:0.43 134:0.2594:too-broad:0.74 134:0.7718:near-miss:0.34 134:0.8358:prose:0.10 136:0.1822:too-broad:0.69 136:0.4561:too-broad:0.54 136:0.6081:near-miss:0.48 136:0.2594:too-broad:0.74 139:0.4561:too-broad:0.54 140:0.6081:near-miss:0.48 142:0.4561:too-broad:0.54 143:0.2594:too-broad:0.74 143:0.313:too-broad:0.74 151:0.7500:too-broad:0.27 151:0.3333:too-broad:0.70 153:0.6667:too-broad:0.48 154:0.6667:too-broad:0.48 154:0.1667:too-broad:0.52 157:0.7639:too-broad:0.25 163:0.3333:too-broad:0.70 181:0.7718:near-miss:0.34 181:-0.0186:prose:0.00 181:0.8358:prose:0.10 183:0.8358:prose:0.10 187:0.828:near-miss:0.54 187:0.8358:prose:0.10 191:0.7718:near-miss:0.34 191:-0.0186:prose:0.00 201:0.2594:too-broad:0.74 212:0.388:too-broad:0.70 212:0.566:too-broad:0.76 219:0.7778:near-miss:0.24
research/findings/2026-09-23-cpu-lane-harvest-perception-binding-negative-fixed-unconfirmed-competitive.md	PASS	PASS	FAIL	FAIL	FAIL	unsupported(19)	19	code-span=12 prose=6 sign=1	False	59	59	0	0.010	0.060	False	73:0.2257:code-span:0.01 80:0.0481:prose:0.01 80:0.0197:prose:0.04 80:0.0393:prose:0.01 113:-0.1302:prose:0.00 114:-0.0938:code-span:0.01 114:-0.2291:code-span:0.00 114:-0.0938:code-span:0.01 114:-0.1875:code-span:0.00 114:-0.1666:code-span:0.00 123:-0.1771:sign:0.00 124:0.0955:prose:0.04 124:0.2257:prose:0.01 136:0.2257:code-span:0.01 136:0.0955:code-span:0.04 147:-0.1354:code-span:0.00 148:0.0642:code-span:0.00 148:-0.0261:code-span:0.01 148:0.1736:code-span:0.01
research/findings/2026-09-23-curiosity-metacog-lowconfidence-coupling-6seed-NOGO-banked-G4-instrument-defect.md	PASS	FAIL	FAIL	PASS	PASS		0		False	14	12	2	0.020	0.070	False	
research/findings/2026-09-23-d6-capacity-curve-PREREGISTRATION.md	FAIL	FAIL	FAIL	FAIL	PASS		0		False	2	2	0	0.110	0.110	False	
research/findings/2026-09-23-d6-learn-through-use-hebbian-fact-write-s42-smoke-C3-NOGO-host-kb-familiarity-leak.md	PASS	PASS	PASS	PASS	PASS		0		False	9	8	1	0.020	0.050	False	
research/findings/2026-09-23-d6-learn-through-use-v2-PREREGISTRATION-readtime-view-and-engram-ablation.md	PASS	PASS	PASS	PASS	PASS		0		False	0	0	0			False	
research/findings/2026-09-23-d6-learn-through-use-v3-PREREGISTRATION-capability-gate.md	PASS	PASS	PASS	PASS	PASS		0		False	0	0	0			False	
research/findings/2026-09-23-d6-learn-through-use-v3-capability-gate-GO-6of6.md	FAIL	FAIL	FAIL	FAIL	FAIL	unsupported(1)	1	prose=1	False	2	2	0	0.010	0.010	False	84:0.031:prose:0.00
research/findings/2026-09-23-d6-learn-through-use-v3-s42-all-criteria-pass-INCOMPLETE-1of6-plus-v1-pool-banked.md	PASS	PASS	PASS	PASS	PASS		0		False	2	2	0	0.010	0.010	False	
research/findings/2026-09-23-da-encoding-natural-drive-24h-persistence-PREREGISTRATION.md	PASS	FAIL	FAIL	FAIL	FAIL	unsupported(1)	1	near-miss=1	False	2	2	0	0.080	0.080	False	79:0.066:near-miss:0.07
research/findings/2026-09-23-da-encoding-natural-drive-v1-D64-UNDEFINED-immediate-recall-precondition.md	PASS	FAIL	FAIL	FAIL	FAIL	too_broad(12)	12	too-broad=12	True	12	12	0	0.600	0.690	False	38:0.897:too-broad:0.60 38:0.549:too-broad:0.67 39:0.798:too-broad:0.56 39:0.411:too-broad:0.50 40:0.897:too-broad:0.60 40:0.413:too-broad:0.59 41:0.897:too-broad:0.60 41:0.335:too-broad:0.52 42:0.897:too-broad:0.60 42:0.573:too-broad:0.69 43:0.792:too-broad:0.56 43:0.196:too-broad:0.43
research/findings/2026-09-23-da-encoding-natural-drive-v2-D128-6seed-GO-runner-level.md	PASS	FAIL	FAIL	FAIL	FAIL	too_broad(14)	14	too-broad=14	True	14	14	0	0.540	0.730	False	47:0.897:too-broad:0.54 47:0.549:too-broad:0.64 48:0.798:too-broad:0.58 48:0.411:too-broad:0.54 49:0.897:too-broad:0.54 49:0.413:too-broad:0.57 50:0.897:too-broad:0.54 50:0.335:too-broad:0.54 51:0.897:too-broad:0.54 51:0.573:too-broad:0.73 52:0.792:too-broad:0.57 52:0.196:too-broad:0.40 66:0.047:too-broad:0.25 66:0.071:too-broad:0.28
research/findings/2026-09-23-da-encoding-natural-drive-v2-production-D128-PREREGISTRATION.md	PASS	PASS	PASS	PASS	PASS		0		False	0	0	0			False	
research/findings/2026-09-23-da-encoding-natural-drive-v3-synaptic-capture-6seed-GO-runner-level.md	PASS	FAIL	FAIL	FAIL	FAIL	too_broad(21)	21	too-broad=21	True	28	28	0	0.430	0.760	False	48:0.897:too-broad:0.63 48:0.549:too-broad:0.71 48:0.070:too-broad:0.37 49:0.798:too-broad:0.52 49:0.411:too-broad:0.57 49:0.060:too-broad:0.43 50:0.897:too-broad:0.63 50:0.413:too-broad:0.63 50:0.068:too-broad:0.40 51:0.897:too-broad:0.63 51:0.335:too-broad:0.60 51:0.070:too-broad:0.37 52:0.897:too-broad:0.63 52:0.573:too-broad:0.76 52:0.067:too-broad:0.36 53:0.792:too-broad:0.57 53:0.196:too-broad:0.48 53:0.056:too-broad:0.35 60:0.056:too-broad:0.35 60:0.070:too-broad:0.37 103:0.187:too-broad:0.48
research/findings/2026-09-23-da-encoding-natural-drive-v3-synaptic-capture-PREREGISTRATION.md	PASS	FAIL	FAIL	FAIL	FAIL	unsupported(9) too_broad(2)	11	near-miss=5 prose=4 too-broad=2	False	20	20	0	0.150	0.300	False	83:0.224:prose:0.14 83:0.224:prose:0.14 84:0.448:prose:0.26 84:0.112:prose:0.16 84:0.169:near-miss:0.13 84:0.334:near-miss:0.26 84:0.307:near-miss:0.14 84:0.129:near-miss:0.18 84:0.412:near-miss:0.21 109:0.573:too-broad:0.30 117:0.554:too-broad:0.26
research/findings/2026-09-23-da-tag-capture-chat-wire-PREREGISTRATION.md	PASS	FAIL	FAIL	PASS	FAIL	too_broad(1)	1	too-broad=1	True	14	4	10	0.170	0.270	False	79:0.507:too-broad:0.27
research/findings/2026-09-23-episodic-s100-cupy-repeats-7of7-loadbearing-robust-core-23.md	PASS	PASS	PASS	PASS	PASS		0		False	0	0	0			False	
research/findings/2026-09-23-flip-validated-fixes-production-default-validation-prereg.md	PASS	PASS	PASS	PASS	PASS		0		False	3	2	1	0.000	0.000	False	
research/findings/2026-09-23-live-homeostat-nogo-6seed.md	PASS	PASS	PASS	PASS	PASS		0		False	64	51	13	0.020	0.060	False	
research/findings/2026-09-23-onebrain-affect-ladder-onto-cortical-pool-plus-arousal-surprise-synapse-BUILT-6seed-scored-NOT-ALL-GO.md	FAIL	FAIL	FAIL	FAIL	FAIL	missing(1)	0		False	27	17	10	0.050	0.080	False	
research/findings/2026-09-23-open-ended-generation-production-turn-draw-lesion-seed42-and-open-ended-mode-bypass.md	FAIL	FAIL	FAIL	FAIL	FAIL	unsupported(5)	5	prose=5	False	7	7	0	0.010	0.030	False	51:0.302:prose:0.01 51:0.193:prose:0.01 51:0.302:prose:0.01 51:0.698:prose:0.01 52:0.517:prose:0.03
research/findings/2026-09-23-open-ended-production-turn-a3-6seed-harvest-NO-GO.md	PASS	PASS	PASS	PASS	PASS		0		False	29	24	5	0.000	0.000	False	
research/findings/2026-09-23-operating-point-stabilizer-go-6seed.md	PASS	FAIL	FAIL	FAIL	FAIL	unsupported(2)	2	prose=2	False	46	44	2	0.040	0.140	False	82:0.0072:prose:0.07 84:0.0022:prose:0.09
research/findings/2026-09-23-swap-drives-adequate-probe-PREREGISTRATION.md	PASS	PASS	PASS	PASS	PASS		0		False	0	0	0			False	
research/findings/2026-09-23-swap-drives-adequate-probe-s42-smoke-loadbearing-6seed-staged.md	PASS	PASS	PASS	PASS	PASS		0		False	5	0	5			False	
research/findings/2026-09-23-vision-attention-gated-soft-readout-spiking-port-collapse-NOGO-banked.md	PASS	PASS	PASS	PASS	PASS		0		False	50	47	3	0.010	0.040	False	
research/findings/2026-09-23-vision-configural-binding-attention-gated-soft-readout-PREREGISTERED.md	PASS	PASS	PASS	PASS	PASS		0		False	24	15	9	0.000	0.020	False	
research/findings/2026-09-23-vision-configural-binding-spiking-feedback-divisive-gain-control-readout-PREREGISTERED.md	FAIL	FAIL	FAIL	FAIL	FAIL	unsupported(2)	2	prose=2	False	14	6	8	0.000	0.020	False	257:0.646:prose:0.02 258:0.644:prose:0.01
research/findings/2026-09-23-wm-binding-holdquery-adequate-probe-PREREGISTRATION.md	PASS	PASS	PASS	PASS	PASS		0		False	2	2	0	0.010	0.010	False	
research/findings/2026-09-24-affect-learned-vocabulary-PREREG.md	PASS	FAIL	FAIL	FAIL	FAIL	unsupported(1)	1	prose=1	False	8	8	0	0.030	0.060	False	80:0.126:prose:0.03
research/findings/2026-09-24-affect-marker-settle-flip-criteria-AMENDMENT-PREREG.md	PASS	PASS	PASS	PASS	PASS		0		False	0	0	0			False	
research/findings/2026-09-24-affect-tone-selection-content-locked-PREREG.md	PASS	FAIL	FAIL	PASS	FAIL	unsupported(3)	3	identifier=3	False	22	20	2	0.090	0.150	False	37:10.1006:identifier:0.04 39:10.1016:identifier:0.01 40:2205.11503:identifier:0.00
research/findings/2026-09-24-ai-teacher-chat-only-synaptic-learning-GO-6seed.md	PASS	PASS	PASS	PASS	PASS		0		False	0	0	0			False	
research/findings/2026-09-24-ai-teacher-environment-PREREGISTRATION.md	PASS	FAIL	FAIL	FAIL	FAIL	unsupported(3)	3	prose=3	False	10	3	7	0.010	0.010	False	163:1.504:prose:0.01 170:1.723:prose:0.00 170:1.504:prose:0.01
research/findings/2026-09-24-ca3-superposed-fact-attractor-capacity-GO-6seed-reruns-provenance-fixed.md	PASS	FAIL	FAIL	FAIL	FAIL	too_broad(8)	8	too-broad=8	True	8	8	0	0.710	0.730	False	117:0.361:too-broad:0.73 118:0.329:too-broad:0.71 119:0.276:too-broad:0.64 120:0.347:too-broad:0.72 121:0.326:too-broad:0.71 122:0.335:too-broad:0.73 136:0.005:too-broad:0.40 138:0.005:too-broad:0.40
research/findings/2026-09-24-chat-time-plasticity-audit-shared-cfg-hebbian-kill-and-the-local-freeze-fix.md	PASS	PASS	PASS	PASS	PASS		0		False	2	2	0	0.020	0.020	False	
research/findings/2026-09-24-content-provenance-learned-facts-PREREGISTRATION.md	PASS	PASS	PASS	PASS	PASS		0		False	1	0	1			False	
research/findings/2026-09-24-content-provenance-learned-facts-prod-and-qwenforced-GO-6seed.md	PASS	PASS	PASS	PASS	PASS		0		False	0	0	0			False	
research/findings/2026-09-24-curiosity-metacog-commitment-veto-v5-6seed-NOGO-1of6-g13-setpoint-residual.md	PASS	FAIL	FAIL	PASS	FAIL	too_broad(4)	4	too-broad=4	True	24	24	0	0.120	0.260	False	47:0.509:too-broad:0.24 50:0.463:too-broad:0.26 50:1.204:too-broad:0.25 51:1.019:too-broad:0.23
research/findings/2026-09-24-curiosity-metacog-lcne-modulator-6seed-NOGO-calibration-seed-only.md	PASS	FAIL	FAIL	PASS	PASS		0		False	15	12	3	0.070	0.200	False	
research/findings/2026-09-24-curiosity-metacog-lcne-phasic-gain-v4-6seed-NOGO-3of6-gain-holds-circuit-residual.md	PASS	FAIL	FAIL	PASS	FAIL	too_broad(1)	1	too-broad=1	True	30	30	0	0.040	0.210	False	36:0.463:too-broad:0.21
research/findings/2026-09-24-d6-chat-wire-PREREGISTRATION.md	PASS	PASS	PASS	PASS	PASS		0		False	0	0	0			False	
research/findings/2026-09-24-d6-multiref-wm-learned-referent-env-flag-route-PREREGISTERED.md	PASS	PASS	PASS	PASS	PASS		0		False	2	0	2			False	
research/findings/2026-09-24-da-tag-capture-chat-wire-6seed-GO-runner-level-ltm-off.md	PASS	PASS	PASS	PASS	PASS		0		False	25	19	6	0.000	0.020	False	
research/findings/2026-09-24-flip-validated-fixes-production-default-battery-GO.md	PASS	PASS	PASS	PASS	PASS		0		False	5	4	1	0.010	0.010	False	
research/findings/2026-09-24-gap4-transport-ceiling-bound-census-clamp-load-bearing-fullsize-UNDEFINED.md	PASS	PASS	PASS	PASS	PASS		0		False	53	43	10	0.000	0.160	False	
research/findings/2026-09-24-gap4-transport-ceiling-instrument-diagnosed-dev-seed7-UNDEFINED.md	PASS	FAIL	FAIL	FAIL	FAIL	unsupported(5) too_broad(21)	26	near-miss=1 prose=4 too-broad=21	False	63	63	0	0.190	0.990	False	89:0.159:too-broad:0.21 89:0.160:too-broad:0.26 90:0.429:too-broad:0.23 99:1.5e-4:prose:0.01 100:0.142:too-broad:0.26 101:2.9e-5:prose:0.02 108:0.190:too-broad:0.29 109:0.242:too-broad:0.22 109:0.273:too-broad:0.25 109:0.180:too-broad:0.21 110:0.142:too-broad:0.26 112:0.222:too-broad:0.25 130:0.222:too-broad:0.25 131:-0.037:too-broad:0.27 132:0.019:too-broad:0.23 133:0.173:too-broad:0.23 133:0.136:too-broad:0.24 133:0.173:too-broad:0.23 137:0.222:too-broad:0.25 138:0.222:too-broad:0.25 139:0.170:near-miss:0.24 139:0.1625:prose:0.05 139:0.190:too-broad:0.29 139:0.140:too-broad:0.27 140:1.4e-7:too-broad:0.99 141:0.065:prose:0.21
research/findings/2026-09-24-gap4-transport-ceiling-readout-lever-PREREGISTRATION.md	PASS	FAIL	FAIL	FAIL	FAIL	unsupported(14) too_broad(36)	50	identifier=7 near-miss=6 prose=1 too-broad=36	False	84	84	0	0.210	0.330	False	41:0.167:too-broad:0.23 41:0.167:too-broad:0.23 46:0.163:too-broad:0.25 47:0.152:too-broad:0.21 173:0.048:prose:0.22 173:0.087:too-broad:0.22 177:0.050:too-broad:0.23 209:0.110:too-broad:0.26 209:0.098:near-miss:0.22 214:0.096:too-broad:0.22 214:0.005:too-broad:0.22 249:0.180:too-broad:0.25 250:0.203:near-miss:0.21 250:0.130:too-broad:0.25 250:0.167:too-broad:0.23 251:0.180:too-broad:0.25 251:0.203:near-miss:0.21 281:0.168:too-broad:0.21 323:0.170:too-broad:0.32 324:0.1725:identifier:0.08 324:0.195:identifier:0.22 324:0.190:too-broad:0.33 324:0.1975:identifier:0.08 324:0.170:too-broad:0.32 324:0.155:identifier:0.28 324:0.165:too-broad:0.28 324:0.1725:identifier:0.08 324:0.195:identifier:0.22 324:0.165:too-broad:0.28 325:0.170:too-broad:0.32 325:0.1725:identifier:0.08 325:0.110:too-broad:0.26 325:0.098:near-miss:0.22 327:0.180:too-broad:0.25 327:0.203:near-miss:0.21 328:0.163:too-broad:0.25 328:0.152:too-broad:0.21 328:0.190:too-broad:0.33 397:0.001:too-broad:0.27 489:0.209:too-broad:0.24 489:0.347:near-miss:0.18 489:0.066:too-broad:0.28 490:0.226:too-broad:0.22 490:0.346:too-broad:0.29 490:0.084:too-broad:0.22 491:0.089:too-broad:0.24 491:0.091:too-broad:0.21 492:0.055:too-broad:0.27 492:0.126:too-broad:0.21 492:0.069:too-broad:0.24
research/findings/2026-09-24-gnw-continuous-swap-branchpoint-fork-instrument-GO-6seed.md	PASS	PASS	PASS	PASS	PASS		0		False	0	0	0			False	
research/findings/2026-09-24-gnw-continuous-swap-branchpoint-snapshot-fork-instrument-PREREGISTERED.md	PASS	PASS	PASS	PASS	PASS		0		False	0	0	0			False	
research/findings/2026-09-24-language-learned-referent-production-route-GO-6seed.md	PASS	FAIL	FAIL	PASS	PASS		0		False	12	12	0	0.000	0.000	False	
research/findings/2026-09-24-lbf-proposed-lesion-knobs-conflict-kb-PREREGISTRATION.md	PASS	PASS	PASS	PASS	PASS		0		False	0	0	0			False	
research/findings/2026-09-24-lbf-rows-live-organs-PREREGISTRATION.md	PASS	PASS	PASS	PASS	PASS		0		False	0	0	0			False	
research/findings/2026-09-24-learning-rows-d5-consolidate-sleep-replay-lbf-PREREGISTRATION.md	PASS	PASS	PASS	PASS	PASS		0		False	0	0	0			False	
research/findings/2026-09-24-lexicon-closed-class-frame-junction-PREREGISTRATION.md	FAIL	FAIL	FAIL	FAIL	FAIL	missing(2)	0		False	26	17	9	0.110	0.180	False	
research/findings/2026-09-24-lexicon-closed-class-frame-junction-dev-s7-not-ready.md	PASS	FAIL	FAIL	PASS	FAIL	too_broad(1)	1	too-broad=1	True	9	8	1	0.100	0.260	False	66:0.0051:too-broad:0.26
research/findings/2026-09-24-open-ended-gated-turn-PREREGISTRATION.md	PASS	FAIL	FAIL	PASS	FAIL	unsupported(2)	2	identifier=2	False	16	4	12	0.000	0.060	False	173:10.1016:identifier:0.00 174:10.1002:identifier:0.00
research/findings/2026-09-24-open-ended-gated-turn-seed7-smoke-and-flag-off-identity.md	PASS	PASS	PASS	PASS	PASS		0		False	1	0	1			False	
research/findings/2026-09-24-plastic-mask-flip-PREREGISTRATION.md	PASS	PASS	PASS	PASS	PASS		0		False	2	2	0	0.000	0.000	False	
research/findings/2026-09-24-plastic-mask-instrument-and-production-reachability.md	PASS	PASS	PASS	PASS	PASS		0		False	2	2	0	0.000	0.000	False	
research/findings/2026-09-24-production-chat-phase-timing-PREREGISTRATION.md	PASS	PASS	PASS	PASS	PASS		0		False	0	0	0			False	
research/findings/2026-09-24-production-default-battery-B2a-PREREGISTRATION.md	PASS	PASS	PASS	PASS	PASS		0		False	1	0	1			False	
research/findings/2026-09-24-production-default-battery-B2b-PREREGISTRATION.md	PASS	PASS	PASS	PASS	PASS		0		False	0	0	0			False	
research/findings/2026-09-24-reasoning-transitive-chat-PREREGISTRATION.md	PASS	PASS	PASS	PASS	PASS		0		False	0	0	0			False	
research/findings/2026-09-24-reward-value-spiking-afferent-PREREG-AMENDMENT-1.md	PASS	PASS	PASS	PASS	PASS		0		False	7	7	0	0.000	0.000	False	
research/findings/2026-09-24-reward-value-spiking-afferent-PREREG-AMENDMENT-2.md	PASS	PASS	PASS	PASS	PASS		0		False	8	8	0	0.000	0.000	False	
research/findings/2026-09-24-reward-value-spiking-afferent-PREREG-AMENDMENT-3.md	PASS	PASS	PASS	PASS	PASS		0		False	0	0	0			False	
research/findings/2026-09-24-reward-value-spiking-afferent-PREREG-AMENDMENT-4.md	PASS	PASS	PASS	PASS	PASS		0		False	0	0	0			False	
research/findings/2026-09-24-reward-value-spiking-afferent-PREREGISTRATION.md	PASS	PASS	PASS	PASS	PASS		0		False	2	2	0	0.000	0.000	False	
research/findings/2026-09-24-reward-value-spiking-afferent-seed7-derisk-PARTIAL.md	PASS	PASS	PASS	PASS	PASS		0		False	58	58	0	0.000	0.000	False	
research/findings/2026-09-24-sleep-replay-capture-PREREGISTRATION.md	PASS	PASS	PASS	PASS	PASS		0		False	38	38	0	0.000	0.040	False	
research/findings/2026-09-24-slotbinder-l3-cupy-latency-derisk-PREREG.md	PASS	PASS	PASS	PASS	PASS		0		False	0	0	0			False	
research/findings/2026-09-24-slotbinder-l3-cupy-latency-derisk-candidate-2seed.md	PASS	PASS	PASS	PASS	PASS		0		False	0	0	0			False	
research/findings/2026-09-24-slotbinder-l3-gpu-latency-GO-6seed.md	PASS	PASS	PASS	PASS	PASS		0		False	0	0	0			False	
research/findings/2026-09-24-slotbinder-production-composer-gate-PREREG.md	PASS	PASS	PASS	PASS	PASS		0		False	0	0	0			False	
research/findings/2026-09-24-swap-drives-adequate-probe-6seed-status-1-of-6-verified.md	PASS	PASS	PASS	PASS	PASS		0		False	0	0	0			False	
research/findings/2026-09-24-tom-false-belief-chat-wire-PREREGISTRATION.md	PASS	PASS	PASS	PASS	PASS		0		False	0	0	0			False	
research/findings/2026-09-24-vision-configural-binding-spiking-feedback-divisive-gain-control-readout-NEUTRAL-6seed.md	PASS	PASS	PASS	PASS	PASS		0		False	14	6	8	0.000	0.010	False	
research/findings/2026-09-24-vision-readout-port-homeostasis-6seed-PORT-REPAIRED-capability-short.md	PASS	PASS	PASS	PASS	PASS		0		False	25	25	0	0.020	0.100	False	
research/findings/2026-09-24-vision-readout-port-homeostasis-intrinsic-plasticity-PREREGISTERED.md	PASS	PASS	PASS	PASS	PASS		0		False	21	17	4	0.000	0.050	False	
research/findings/2026-09-24-wm-binding-ordinary-content-probe-6seed-NOGO-held-state-does-not-reach-an-ordinary-reply.md	PASS	PASS	PASS	PASS	PASS		0		False	0	0	0			False	
research/findings/2026-09-24-wm-binding-ordinary-content-probe-PREREGISTRATION.md	PASS	PASS	PASS	PASS	PASS		0		False	2	1	1	0.010	0.010	False	
research/findings/2026-09-24-wm-referent-focus-bind-anaphor-probe-PREREGISTRATION.md	PASS	PASS	PASS	PASS	PASS		0		False	2	1	1	0.000	0.000	False	
research/findings/2026-09-24-xedge-in-wave3-seed7-derisk-G1-registered-FAIL-equal-pass-control-identical.md	PASS	PASS	PASS	PASS	PASS		0		False	8	8	0	0.000	0.000	False	
research/findings/2026-09-25-lexicon-closed-class-frame-junction-dev-amendment2-s7-s42-NOT-READY.md	PASS	PASS	PASS	PASS	FAIL	too_broad(3)	3	too-broad=3	True	17	17	0	0.000	0.230	False	86:0.00872:too-broad:0.22 86:0.00475:too-broad:0.22 86:0.00397:too-broad:0.23
research/findings/2026-09-25-production-default-battery-B2a-FAIL.md	PASS	PASS	PASS	PASS	PASS		0		False	8	7	1	0.000	0.000	False	
research/findings/2026-09-25-production-default-battery-B2a-rescored-PASS.md	PASS	PASS	PASS	PASS	PASS		0		False	4	4	0	0.000	0.000	False	
research/findings/2026-09-25-sleep-replay-capture-rc-GO-6seed.md	PASS	PASS	PASS	PASS	PASS		0		False	9	9	0	0.000	0.000	False	
