# claim_check retro-scan, 2026-09-25: MAIN's tools/claim_check.py (7e2edc08e, standalone <!--derived--> runs to the next '## ' heading)
# vs ROUND 4's parser-based tools/claim_check.py (branch research/claimcheck-parser-scope @ 214e509bf).
# Run inside the round-4 worktree, so both checkers resolve the SAME artifacts (research/findings/raw files that are
# untracked in the primary checkout are absent here for BOTH; a 'missing artifact' reason is shared, not new).
# Populations: (a) research/findings/*.md ADDED on main since 2026-09-01 (git log --since=2026-09-01 --diff-filter=A):
# 353 paths, 351 on disk; (b) the whole corpus, research/findings/*.md: 2970 docs.
#
# COUNTS                              (a) since 2026-09-01   (b) whole corpus
#   main-pass / new-pass                      286                 1462
#   main-pass / new-FAIL                       34                  168
#   main-FAIL / new-pass                        0                    0
#   main-FAIL / new-FAIL                       31                 1340
#     of which round 4 flags MORE numbers         6                   21   (docs where round 4 flags FEWER: 0)
# main-pass/new-fail reasons (a): {'unsupported number': 33, 'unsupported number + low coverage': 1}
# main-pass/new-fail reasons (b): {'unsupported number': 152, 'unsupported number + low coverage': 1, 'low coverage': 15}
#
# WHY each flagged line moved (column scope_change; flagged LINES, whole corpus): the marker's scope used to run to the
# next '## ' heading and now covers only its next paragraph/list/table, so a number in a LATER block of the same
# section is checked ('later block in the same section'); a marker directly before a heading, a fence or a non-comment
# html block now covers nothing; a lazy continuation line after a list item is checked; a marker inside a fence is text.
# Classification is descriptive (scratch script, same parser), not part of the checker.
#
# A FLAG IS NOT PROOF OF AN ERROR. 'unsupported number' means the number does not appear in any cited artifact within
# tolerance and is no longer inside a derived scope. Many flagged numbers are legitimate re-quotes, rounded means or
# differences whose author relied on the old section-wide scope and would now mark them inline or with a range; some
# may be genuine errors. This scan did not read them. The board (GAP_CLOSURE_MISSION.md, 02:55 claim-check entry)
# records audit branches research/claimcheck-audit-1..4 with 8 corrections from a manual pass over ROUND 2's flags;
# those edits are not merged and not reflected here. 'low coverage' = >= 40 numeric claims with < 5% checked.
# claim_check runs only on newly ADDED findings at commit, so none of these legacy docs blocks anything.
#
# Columns: doc | population | direction | new_reasons | main_reasons | new_unsupported_n | new_unsupported (line=value,
# first 6) | new_checked/total | new_suppressed_by_mechanism | scope_change (flagged lines by cause)
doc	population	direction	new_reasons	main_reasons	new_unsupported_n	new_unsupported	new_checked_total	new_suppressed	scope_change
research/findings/2026-09-01-board91-memory-separator-readfix-popstate-reset-NOGO-relocalizes-to-consolidation-induced-generic-capture.md	since_2026-09-01	main-pass/new-fail	unsupported number	-	2	L90=0.437, L90=0.9	2/2	section=0 range=0 block=0 inline=0 synthesis=0	later block in the same section (main ran to the next '## ') x1
research/findings/2026-09-01-declarative-cross-edge-functional-gate-read-credit-livedrive-GO.md	since_2026-09-01	main-pass/new-fail	unsupported number	-	2	L128=0.0067, L129=0.0067	7/31	section=0 range=0 block=24 inline=0 synthesis=0	later block in the same section (main ran to the next '## ') x2
research/findings/2026-09-01-generative-cortex-token-supply-lever-broad-domain-plateau-is-starvation-not-capacity-wall.md	since_2026-09-01	main-pass/new-fail	unsupported number	-	4	L123=0.24, L123=0.252, L125=0.791, L125=0.296	4/65	section=0 range=0 block=49 inline=12 synthesis=0	later block in the same section (main ran to the next '## ') x2
research/findings/2026-09-01-onebrain-crossedge-provenance-to-selfschema-reciprocal-GO.md	since_2026-09-01	main-pass/new-fail	unsupported number	-	7	L149=0.004, L149=0.008, L150=0.005, L151=-0.018, L154=0.0016, L155=0.021, +1 more	46/55	section=0 range=0 block=5 inline=4 synthesis=0	later block in the same section (main ran to the next '## ') x5
research/findings/2026-09-01-read-fidelity-learned-whitened-opponent-read-NOGO-residual-is-read-architecture-not-estimator.md	since_2026-09-01	main-pass/new-fail	unsupported number	-	24	L114=0.121, L114=1.007, L114=0.567, L114=0.692, L114=0.518, L114=0.676, +18 more	32/34	section=0 range=0 block=2 inline=0 synthesis=0	later block in the same section (main ran to the next '## ') x5
research/findings/2026-09-01-read-fidelity-separate-trace-recall-read-GO-upstream-shaping-closes-read-power-residual.md	since_2026-09-01	main-pass/new-fail	unsupported number	-	1	L115=0.832	2/26	section=0 range=0 block=24 inline=0 synthesis=0	later block in the same section (main ran to the next '## ') x1
research/findings/2026-09-02-c2-metacog-error-gated-port-second-negative.md	since_2026-09-01	main-pass/new-fail	unsupported number	-	2	L69=0.0097, L69=0.0423	2/14	section=0 range=0 block=12 inline=0 synthesis=0	later block in the same section (main ran to the next '## ') x1
research/findings/2026-09-02-confidence-forthcoming-100k-recalibration-PARTIAL.md	since_2026-09-01	main-pass/new-fail	unsupported number	-	14	L66=0.062, L66=0.144, L66=0.497, L67=0.062, L67=0.144, L67=0.395, +8 more	27/35	section=0 range=0 block=2 inline=6 synthesis=0	later block in the same section (main ran to the next '## ') x6
research/findings/2026-09-02-crossedge-surprise-metacog-derisk-SMOKE-GO-PARTIAL.md	since_2026-09-01	main-pass/new-fail	unsupported number	-	15	L76=0.678, L76=0.1032, L76=-0.0088, L76=-0.112, L77=0.615, L77=-0.0092, +9 more	19/19	section=0 range=0 block=0 inline=0 synthesis=0	later block in the same section (main ran to the next '## ') x6
research/findings/2026-09-02-generative-cortex-capacity-vs-tokens-larger-capacity-wins-d96-nears-its-ceiling.md	since_2026-09-01	main-pass/new-fail	unsupported number	-	23	L140=3.9516, L140=3.8802, L140=3.8433, L140=3.8178, L140=3.8029, L141=0.2623, +17 more	77/92	section=0 range=0 block=1 inline=14 synthesis=0	later block in the same section (main ran to the next '## ') x11
research/findings/2026-09-02-onebrain-crossedge-provenance-to-selfschema-read-isolation-fix-GO-survives-narrower-margin.md	since_2026-09-01	main-pass/new-fail	unsupported number + low coverage	-	1	L113=0.008	2/56	section=0 range=0 block=12 inline=42 synthesis=0	later block in the same section (main ran to the next '## ') x1
research/findings/2026-09-02-onebrain-r4-selfschema-provenance-read-isolation-fix-flips-GO-to-NOGO.md	since_2026-09-01	main-pass/new-fail	unsupported number	-	5	L80=0.0925, L99=0.0006, L101=0.956, L101=1.013, L109=3.553	16/42	section=0 range=0 block=25 inline=1 synthesis=0	later block in the same section (main ran to the next '## ') x3; fence after the marker's unit (fences are never a sibling scope) x1
research/findings/2026-09-02-onebrain-wave1-comprehension-provenance-merge-SMOKE-GO.md	since_2026-09-01	main-pass/new-fail	unsupported number	-	1	L99=0.746	1/1	section=0 range=0 block=0 inline=0 synthesis=0	later block in the same section (main ran to the next '## ') x1
research/findings/2026-09-02-r3v2-r3v3-read-isolation-refix-r3v3-GO-flips-to-NOGO.md	since_2026-09-01	main-pass/new-fail	unsupported number	-	7	L63=0.0017, L63=0.00198, L66=0.001, L109=0.0122, L109=0.0142, L109=0.0186, +1 more	8/80	section=0 range=0 block=72 inline=0 synthesis=0	later block in the same section (main ran to the next '## ') x3
research/findings/2026-09-03-ordered-attention-at-shared-fluency-bound-investigation-verdict.md	since_2026-09-01	main-pass/new-fail	unsupported number	-	6	L32=0.347, L32=0.147, L41=0.125, L42=0.794, L42=0.633, L42=0.661	6/21	section=0 range=0 block=15 inline=0 synthesis=0	later block in the same section (main ran to the next '## ') x3
research/findings/2026-09-05-affect-experienced-opponent-gate-needs-embodiment-BOUNDARY.md	since_2026-09-01	main-pass/new-fail	unsupported number	-	2	L81=0.0068, L82=0.089	6/18	section=0 range=0 block=10 inline=2 synthesis=0	later block in the same section (main ran to the next '## ') x2
research/findings/2026-09-05-affect-learned-gate-retry-register-confound-BOUNDARY.md	since_2026-09-01	main-pass/new-fail	unsupported number	-	10	L71=0.01, L71=0.02, L72=0.147, L72=0.167, L73=0.02, L73=0.02, +4 more	10/13	section=0 range=0 block=0 inline=3 synthesis=0	later block in the same section (main ran to the next '## ') x5
research/findings/2026-09-05-gnw-congruence-spiking-read-rank8-derisk-GO.md	since_2026-09-01	main-pass/new-fail	unsupported number	-	6	L83=0.0007, L83=0.0545, L83=0.27, L83=0.306, L83=0.225, L83=0.287	6/6	section=0 range=0 block=0 inline=0 synthesis=0	later block in the same section (main ran to the next '## ') x1
research/findings/2026-09-05-metacog-accumulation-to-bound-middle-band-PARTIAL.md	since_2026-09-01	main-pass/new-fail	unsupported number	-	22	L46=0.825, L50=0.959, L50=0.954, L50=0.825, L99=0.867, L99=0.058, +16 more	30/34	section=0 range=0 block=2 inline=2 synthesis=0	later block in the same section (main ran to the next '## ') x12
research/findings/2026-09-05-metacog-spiking-margin-prodflip-verify-NOGO.md	since_2026-09-01	main-pass/new-fail	unsupported number	-	9	L230=0.45, L230=0.336, L230=0.413, L231=0.442, L231=0.396, L231=0.482, +3 more	10/12	section=0 range=0 block=2 inline=0 synthesis=0	later block in the same section (main ran to the next '## ') x3
research/findings/2026-09-05-metacog-spiking-recall-margin-derisk-PARTIAL.md	since_2026-09-01	main-pass/new-fail	unsupported number	-	12	L56=0.959, L56=0.954, L58=0.786, L58=0.946, L58=0.156, L60=0.946, +6 more	13/36	section=0 range=0 block=21 inline=2 synthesis=0	later block in the same section (main ran to the next '## ') x4
research/findings/2026-09-05-onebrain-fact-shard-dg-ca3-sublinear-spiking-retrieval-derisk-GO.md	since_2026-09-01	main-pass/new-fail	unsupported number	-	1	L119=0.369	3/5	section=0 range=0 block=0 inline=2 synthesis=0	marker followed by a html_block (not a scope type) x1
research/findings/2026-09-05-shared-salience-afferent-production-default-flip-GO.md	since_2026-09-01	main-pass/new-fail	unsupported number	-	5	L112=1.049, L133=0.791, L134=0.0462, L136=0.791, L136=0.046	9/57	section=0 range=0 block=48 inline=0 synthesis=0	later block in the same section (main ran to the next '## ') x4
research/findings/2026-09-08-affect-opponent-columnar-spiking-worst-case-unchanged-BOUNDARY.md	since_2026-09-01	main-pass/new-fail	unsupported number	-	23	L66=0.0095, L72=0.02, L72=0.049, L72=0.02, L72=0.433, L72=0.059, +17 more	37/50	section=0 range=0 block=12 inline=1 synthesis=0	later block in the same section (main ran to the next '## ') x7
research/findings/2026-09-09-spiking-anaphor-detection-wirein-both-callsites-default-off.md	since_2026-09-01	main-pass/new-fail	unsupported number	-	1	L97=0.867	5/41	section=0 range=0 block=36 inline=0 synthesis=0	later block in the same section (main ran to the next '## ') x1
research/findings/2026-09-09-spiking-novelty-wirein-engagement-of-default-off.md	since_2026-09-01	main-pass/new-fail	unsupported number	-	6	L93=0.674, L95=0.32, L95=0.605, L95=0.33, L95=0.951, L95=0.927	6/54	section=0 range=0 block=48 inline=0 synthesis=0	later block in the same section (main ran to the next '## ') x2
research/findings/2026-09-15-rank7-affect-opponent-gain-sweep-mistargeted-boundary-reproduced-6seed.md	since_2026-09-01	main-pass/new-fail	unsupported number	-	2	L40=0.027, L65=0.029	7/7	section=0 range=0 block=0 inline=0 synthesis=0	later block in the same section (main ran to the next '## ') x2
research/findings/2026-09-15-token-supply-scaling-6seed-lever-confirmed-descending-load-cap-found.md	since_2026-09-01	main-pass/new-fail	unsupported number	-	4	L54=0.009, L57=0.036, L57=0.048, L58=3.928	8/17	section=0 range=0 block=9 inline=0 synthesis=0	later block in the same section (main ran to the next '## ') x3
research/findings/2026-09-16-vision-nglimpses-temporal-evidence-integration-lifts-capability-2of6-to-4of6.md	since_2026-09-01	main-pass/new-fail	unsupported number	-	2	L54=0.556, L59=0.556	2/7	section=0 range=0 block=5 inline=0 synthesis=0	later block in the same section (main ran to the next '## ') x2
research/findings/2026-09-23-affect-marker-settle-deliberation-and-rest-oplevel-go-6seed.md	since_2026-09-01	main-pass/new-fail	unsupported number	-	3	L135=0.137, L135=0.158, L140=0.0097	4/43	section=0 range=0 block=36 inline=3 synthesis=0	later block in the same section (main ran to the next '## ') x2
research/findings/2026-09-23-da-encoding-natural-drive-v3-synaptic-capture-6seed-GO-runner-level.md	since_2026-09-01	main-pass/new-fail	unsupported number	-	2	L60=0.056, L60=0.07	3/28	section=0 range=0 block=25 inline=0 synthesis=0	later block in the same section (main ran to the next '## ') x1
research/findings/2026-09-24-gap4-transport-ceiling-instrument-diagnosed-dev-seed7-UNDEFINED.md	since_2026-09-01	main-pass/new-fail	unsupported number	-	6	L137=0.222, L137=0.13, L138=0.222, L139=0.17, L139=0.1625, L141=0.065	14/60	section=0 range=0 block=46 inline=0 synthesis=0	later block in the same section (main ran to the next '## ') x4
research/findings/2026-09-24-gap4-transport-ceiling-readout-lever-PREREGISTRATION.md	since_2026-09-01	main-pass/new-fail	unsupported number	-	21	L41=0.093, L41=0.167, L41=0.167, L46=0.163, L47=0.152, L324=0.1725, +15 more	35/84	section=0 range=0 block=49 inline=0 synthesis=0	later block in the same section (main ran to the next '## ') x7
research/findings/2026-09-24-lexicon-closed-class-frame-junction-dev-s7-not-ready.md	since_2026-09-01	main-pass/new-fail	unsupported number	-	3	L70=0.333, L76=0.233, L76=0.147	3/9	section=0 range=0 block=5 inline=1 synthesis=0	later block in the same section (main ran to the next '## ') x2
research/findings/2026-09-03-spiking-depth-tokens-closing-fluency-gap-milestone.md	since_2026-09-01	both-fail/new-flags-more	unsupported number + missing artifact	missing artifact	3	L37=0.125, L39=2408.15, L39=2406.03	3/14	section=0 range=0 block=11 inline=0 synthesis=0	-
research/findings/2026-09-03-spiking-mouth-ssm-dualnonneg-fluency-NO-GO-first-brain-based-baseline.md	since_2026-09-01	both-fail/new-flags-more	unsupported number + missing artifact	missing artifact	1	L35=0.125	1/12	section=0 range=0 block=11 inline=0 synthesis=0	-
research/findings/2026-09-03-trigram-baseline-strength-characterization-not-saturated-tokenization-sensitive.md	since_2026-09-01	both-fail/new-flags-more	unsupported number + missing artifact	missing artifact	3	L67=4.155, L83=4.157, L83=4.644	6/51	section=0 range=0 block=41 inline=4 synthesis=0	-
research/findings/2026-09-04-gnw-lc-ne-adaptive-gain-swap-eviction-GO.md	since_2026-09-01	both-fail/new-flags-more	unsupported number	unsupported number	9	L14=0.0033, L14=0.0047, L107=0.0033, L107=0.0047, L107=0.0014, L109=0.167, +3 more	11/13	section=0 range=0 block=2 inline=0 synthesis=0	-
research/findings/2026-09-04-linattn-shunt-gain-tier1-PARTIAL-5of6.md	since_2026-09-01	both-fail/new-flags-more	unsupported number	unsupported number	12	L28=0.036, L54=0.0025, L54=0.0053, L55=0.0033, L59=0.003, L212=0.0458, +6 more	50/93	section=0 range=0 block=40 inline=3 synthesis=0	-
research/findings/2026-09-22-prospective-memory-facilitation-load-bearing-6seed.md	since_2026-09-01	both-fail/new-flags-more	unsupported number	unsupported number	11	L60=0.344, L60=0.336, L60=0.211, L60=0.284, L60=0.276, L60=0.313, +5 more	12/24	section=0 range=0 block=4 inline=8 synthesis=0	-
research/findings/2026-07-31-gap5-tuned-point-is-INSIDE-the-bound-trap-97pct-of-dW-is-the-clamp.md	before_2026-09-01	main-pass/new-fail	unsupported number	-	1	L91=0.0025	4/10	section=1 range=0 block=5 inline=0 synthesis=0	later block in the same section (main ran to the next '## ') x1
research/findings/2026-08-01-E-language-two-pool-structural-separation-real-advance-but-residual-reg-vs-irr-tradeoff-1seed.md	before_2026-09-01	main-pass/new-fail	unsupported number	-	2	L39=0.571, L39=0.714	2/19	section=0 range=0 block=17 inline=0 synthesis=0	later block in the same section (main ran to the next '## ') x1
research/findings/2026-08-01-agency-authorship-tag-corollary-discharge-source-monitor-6seed-GO.md	before_2026-09-01	main-pass/new-fail	unsupported number	-	4	L44=0.486, L44=0.508, L51=0.167, L52=0.248	9/23	section=0 range=0 block=14 inline=0 synthesis=0	later block in the same section (main ran to the next '## ') x3
research/findings/2026-08-01-gap4-BDSP-weak-consistent-positive-on-harder-task-regime-confirmed-6seed.md	before_2026-09-01	main-pass/new-fail	unsupported number	-	6	L39=0.053, L39=0.068, L39=0.017, L39=0.051, L39=0.09, L39=0.106	7/27	section=0 range=0 block=20 inline=0 synthesis=0	later block in the same section (main ran to the next '## ') x1
research/findings/2026-08-01-gap4-DFC-transport-free-deep-feedback-control-overfits-movable-hidden-instrument-verified-NEGATIVE.md	before_2026-09-01	main-pass/new-fail	low coverage	-	0	-	2/43	section=0 range=0 block=41 inline=0 synthesis=0	-
research/findings/2026-08-01-gap4-coincidence-gated-BDSP-ties-reservoir-on-real-spikes-no-reliable-credit-6seed-NEGATIVE.md	before_2026-09-01	main-pass/new-fail	unsupported number	-	11	L18=0.028, L18=0.286, L18=0.129, L18=0.065, L18=0.022, L19=0.324, +5 more	17/38	section=0 range=0 block=21 inline=0 synthesis=0	lazy continuation line after a list/blockquote item x4; later block in the same section (main ran to the next '## ') x1
research/findings/2026-08-01-gap4-larger-task-does-NOT-rescue-supervised-deep-credit-movable-hidden-foothold-does-not-scale-6seed-NEGATIVE.md	before_2026-09-01	main-pass/new-fail	unsupported number	-	3	L52=0.869, L52=0.139, L52=0.083	4/30	section=0 range=0 block=26 inline=0 synthesis=0	later block in the same section (main ran to the next '## ') x1
research/findings/2026-08-01-gap4-multihop-chained-spiking-port-6seed-NEGATIVE-depth-rescue-does-not-transfer-to-spiking-read-regime.md	before_2026-09-01	main-pass/new-fail	unsupported number	-	3	L43=0.531, L43=0.876, L44=2607.13	3/3	section=0 range=0 block=0 inline=0 synthesis=0	later block in the same section (main ran to the next '## ') x2
research/findings/2026-08-01-gap4-spiking-port-sigmaprime-KP-single-layer-does-NOT-beat-frozen-6seed-NEGATIVE.md	before_2026-09-01	main-pass/new-fail	unsupported number	-	14	L34=0.444, L34=0.185, L34=0.241, L34=0.407, L34=0.444, L34=0.315, +8 more	14/31	section=0 range=0 block=17 inline=0 synthesis=0	later block in the same section (main ran to the next '## ') x4
research/findings/2026-08-01-gap4-transport-free-ceiling-FALSIFIED-chained-FA-sigmaprime-clears-it-plus-MNIST-depth4-KP-rescue-6seed.md	before_2026-09-01	main-pass/new-fail	unsupported number	-	5	L78=0.301, L79=0.653, L80=0.951, L80=0.465, L80=0.621	5/46	section=0 range=0 block=41 inline=0 synthesis=0	later block in the same section (main ran to the next '## ') x3
research/findings/2026-08-01-gap4-unsupervised-rule-does-NOT-survive-port-to-real-spikes-degrades-below-reservoir-6seed-NEGATIVE.md	before_2026-09-01	main-pass/new-fail	unsupported number	-	5	L41=0.063, L41=0.975, L42=0.099, L42=0.111, L42=0.13	5/28	section=0 range=0 block=23 inline=0 synthesis=0	later block in the same section (main ran to the next '## ') x2
research/findings/2026-08-02-gap1-wkv-width-ladder-scale-read-run4-d2048-is-the-next-spiking-forward-target.md	before_2026-09-01	main-pass/new-fail	low coverage	-	0	-	0/52	section=0 range=0 block=52 inline=0 synthesis=0	-
research/findings/2026-08-02-gap4-DFA-eprop-is-depth-robust-scales-to-N4-where-chained-multihop-FA-collapses-the-chain-was-the-depth-wall.md	before_2026-09-01	main-pass/new-fail	low coverage	-	0	-	0/45	section=0 range=0 block=45 inline=0 synthesis=0	-
research/findings/2026-08-02-gap4-FA-convergence-is-the-onbridge-credit-root-cause-6of6-LIF-converge-0of6-izhikevich.md	before_2026-09-01	main-pass/new-fail	low coverage	-	0	-	0/82	section=0 range=0 block=82 inline=0 synthesis=0	-
research/findings/2026-08-02-gap4-crux-wall-LOCATED-at-the-spiking-read-regime-even-perfect-Wtranspose-oracle-gives-no-directed-credit-6seed.md	before_2026-09-01	main-pass/new-fail	unsupported number	-	2	L41=0.171, L41=0.843	3/27	section=0 range=0 block=24 inline=0 synthesis=0	later block in the same section (main ran to the next '## ') x1
research/findings/2026-08-02-gap4-representable-forward-does-NOT-let-eprop-train-on-a-dense-codon-the-wall-is-the-onbridge-credit-plus-codon-sparsity.md	before_2026-09-01	main-pass/new-fail	unsupported number	-	3	L34=0.994, L34=0.877, L35=0.499	3/31	section=0 range=0 block=28 inline=0 synthesis=0	later block in the same section (main ran to the next '## ') x2
research/findings/2026-08-02-laneC-metacog-margin-comparator-PARTIAL-real-signal-not-robust-next-is-symmetric-or-learned-error-monitor.md	before_2026-09-01	main-pass/new-fail	unsupported number	-	165	L60=0.502, L61=0.632, L61=0.821, L63=0.664, L84=0.685, L85=1.071, +159 more	254/279	section=0 range=0 block=25 inline=0 synthesis=0	later block in the same section (main ran to the next '## ') x65
research/findings/2026-08-02-laneD-v1-pooler-trace-route-NOGO-default-3seed-needs-op-point-or-normalization.md	before_2026-09-01	main-pass/new-fail	unsupported number	-	27	L43=0.333, L44=0.333, L54=0.333, L54=-0.011, L54=0.027, L54=0.333, +21 more	72/72	section=0 range=0 block=0 inline=0 synthesis=0	later block in the same section (main ran to the next '## ') x9
research/findings/2026-08-03-neural-vocal-credit-gateB-v1-yoked-NO-GO.md	before_2026-09-01	main-pass/new-fail	low coverage	-	0	-	0/40	section=0 range=0 block=0 inline=40 synthesis=0	-
research/findings/2026-08-03-replay-cortical-consolidation-v2-calibration-NO-GO.md	before_2026-09-01	main-pass/new-fail	unsupported number	-	4	L58=0.0021, L58=0.0194, L59=0.0069, L61=0.015	5/26	section=0 range=0 block=7 inline=14 synthesis=0	later block in the same section (main ran to the next '## ') x3
research/findings/2026-08-03-visual-identity-spike-latency-calibration-NO-GO.md	before_2026-09-01	main-pass/new-fail	unsupported number	-	2	L55=0.905, L55=0.881	16/22	section=0 range=0 block=4 inline=2 synthesis=0	later block in the same section (main ran to the next '## ') x1
research/findings/2026-08-04-gpi-snr-autonomous-pacemaking-biophysical-fallback-RESEARCH.md	before_2026-09-01	main-pass/new-fail	low coverage	-	0	-	0/65	section=0 range=0 block=0 inline=65 synthesis=0	-
research/findings/2026-08-05-v14-stageB-fast-channel-state-family-research-gate.md	before_2026-09-01	main-pass/new-fail	unsupported number	-	11	L108=10.1371, L110=10.1371, L110=10.7488, L114=10.1371, L116=10.1371, L118=10.3389, +5 more	22/22	section=0 range=0 block=0 inline=0 synthesis=0	marker followed by a heading (scopes nothing) x6
research/findings/2026-08-05-v14-stageB-kv3-candidate-source-review.md	before_2026-09-01	main-pass/new-fail	unsupported number	-	5	L154=7.344, L154=-0.0807, L155=0.611, L155=0.08625, L160=0.0066	14/14	section=0 range=0 block=0 inline=0 synthesis=0	fence after the marker's unit (fences are never a sibling scope) x3
research/findings/2026-08-05-v14-stageB-sodium-candidate-source-review.md	before_2026-09-01	main-pass/new-fail	unsupported number	-	5	L43=10.1523, L43=10.201, L66=10.1523, L66=4899.2, L87=10.1371	5/5	section=0 range=0 block=0 inline=0 synthesis=0	marker followed by a heading (scopes nothing) x3
research/findings/2026-08-06-gateB-stage2f-contingency-gated-exploration-NO-GO.md	before_2026-09-01	main-pass/new-fail	unsupported number	-	1	L52=0.192	2/33	section=0 range=0 block=31 inline=0 synthesis=0	later block in the same section (main ran to the next '## ') x1
research/findings/2026-08-06-replay-cortical-consolidation-v5-sfa-eviction-closes-interference-wall-order-control-is-next.md	before_2026-09-01	main-pass/new-fail	low coverage	-	0	-	0/43	section=0 range=0 block=43 inline=0 synthesis=0	-
research/findings/2026-08-06-replay-cortical-consolidation-v6-order-sensitive-STDP-closes-order-control-GO.md	before_2026-09-01	main-pass/new-fail	low coverage	-	0	-	0/42	section=0 range=0 block=42 inline=0 synthesis=0	-
research/findings/2026-08-06-source-monitor-P3-functional-role-and-tradeoff-spec.md	before_2026-09-01	main-pass/new-fail	unsupported number	-	1	L83=0.0092	1/4	section=0 range=0 block=3 inline=0 synthesis=0	later block in the same section (main ran to the next '## ') x1
research/findings/2026-08-07-BORN-learned-bodily-self-model-forward-model-agency-smoke-GO.md	before_2026-09-01	main-pass/new-fail	unsupported number	-	4	L57=0.018, L129=0.518, L129=0.528, L132=0.339	12/35	section=0 range=0 block=17 inline=6 synthesis=0	later block in the same section (main ran to the next '## ') x3
research/findings/2026-08-07-grounded-message-to-word-onbridge-spiking-naming-map.md	before_2026-09-01	main-pass/new-fail	unsupported number	-	1	L80=0.967	2/24	section=0 range=0 block=22 inline=0 synthesis=0	later block in the same section (main ran to the next '## ') x1
research/findings/2026-08-07-laneC-neural-abstain-hedge-gate-learned-metacog-confidence-single-seed-derisk.md	before_2026-09-01	main-pass/new-fail	unsupported number	-	4	L72=0.317, L73=0.308, L73=0.714, L75=0.317	7/54	section=0 range=0 block=47 inline=0 synthesis=0	later block in the same section (main ran to the next '## ') x3
research/findings/2026-08-07-laneD-v1-pooler-trace-homeostatic-scaling-REGRESSES-not-the-companion-process.md	before_2026-09-01	main-pass/new-fail	unsupported number	-	23	L51=0.389, L60=0.155, L60=0.158, L60=0.183, L60=0.333, L61=0.333, +17 more	38/46	section=0 range=0 block=8 inline=0 synthesis=0	later block in the same section (main ran to the next '## ') x7
research/findings/2026-08-07-rubicon-half2-vspatch-reward-timed-value-maintenance-GO-looking.md	before_2026-09-01	main-pass/new-fail	unsupported number	-	3	L37=0.004, L87=0.977, L87=0.004	4/6	section=0 range=0 block=1 inline=1 synthesis=0	later block in the same section (main ran to the next '## ') x2
research/findings/2026-08-07-stageA-honesty-floor-6of6-SAFE-conservative-nonpeeking-edge-margin-guard-seed43-regression-eliminated.md	before_2026-09-01	main-pass/new-fail	unsupported number	-	2	L55=0.031, L55=0.031	2/35	section=0 range=0 block=33 inline=0 synthesis=0	later block in the same section (main ran to the next '## ') x1
research/findings/2026-08-07-stageA-honesty-floor-strengthen-axis-separated-familiar-wrong-catch-4of6-fit-guard.md	before_2026-09-01	main-pass/new-fail	low coverage	-	0	-	1/46	section=0 range=0 block=45 inline=0 synthesis=0	-
research/findings/2026-08-08-episodic-CA3-completion-CLOSED-within-assembly-attractor-potentiation-loadbearing-WTA-still-negative.md	before_2026-09-01	main-pass/new-fail	unsupported number	-	3	L102=0.0417, L104=0.005804, L105=0.00580357	6/13	section=0 range=0 block=7 inline=0 synthesis=0	later block in the same section (main ran to the next '## ') x3
research/findings/2026-08-08-fm-learned-twopath-spiking-readout-burns-down-dale-shift-wall.md	before_2026-09-01	main-pass/new-fail	unsupported number	-	1	L71=0.267	1/13	section=0 range=0 block=10 inline=2 synthesis=0	later block in the same section (main ran to the next '## ') x1
research/findings/2026-08-08-graded-affect-persistence-research-gate-bistable-ladder-robust-integrator.md	before_2026-09-01	main-pass/new-fail	unsupported number	-	1	L167=0.003	1/5	section=0 range=0 block=0 inline=4 synthesis=0	standalone marker inside a fence (text, not a marker) x1
research/findings/2026-08-08-pragmatics-communicative-success-neural-coincidence-detector-leg1-6seed-GO.md	before_2026-09-01	main-pass/new-fail	unsupported number	-	2	L60=0.256, L69=0.3	5/17	section=0 range=0 block=10 inline=2 synthesis=0	later block in the same section (main ran to the next '## ') x2
research/findings/2026-08-08-pragmatics-readback-leg2-v2-oracle-RESOLVED-convergence-NEGATIVE-critic-value-fallback.md	before_2026-09-01	main-pass/new-fail	unsupported number	-	16	L34=0.667, L35=0.556, L79=0.444, L79=0.222, L79=0.167, L92=0.667, +10 more	26/52	section=0 range=0 block=26 inline=0 synthesis=0	later block in the same section (main ran to the next '## ') x7; lazy continuation line after a list/blockquote item x2
research/findings/2026-08-08-stageA-generator-mouth-wired-live-prose-lesion-battery-3seed.md	before_2026-09-01	main-pass/new-fail	unsupported number	-	1	L95=0.076	2/2	section=0 range=0 block=0 inline=0 synthesis=0	later block in the same section (main ran to the next '## ') x1
research/findings/2026-08-08-stageA-seams-A-C-forward-model-graded-affect-coresident-integration-GO.md	before_2026-09-01	main-pass/new-fail	unsupported number	-	3	L85=0.068, L91=0.067, L91=0.07	7/11	section=0 range=0 block=4 inline=0 synthesis=0	later block in the same section (main ran to the next '## ') x2
research/findings/2026-08-08-teacher-loop-sleep-replay-consolidation-self-replay-beats-catastrophic-forgetting.md	before_2026-09-01	main-pass/new-fail	unsupported number	-	1	L25=0.995	3/3	section=0 range=0 block=0 inline=0 synthesis=0	later block in the same section (main ran to the next '## ') x1
research/findings/2026-08-09-fm-neural-wta-readout-lateral-inhibition-winner-load-bearing-but-underperforms-host-argmax-NEGATIVE.md	before_2026-09-01	main-pass/new-fail	unsupported number	-	1	L86=0.333	2/27	section=0 range=0 block=25 inline=0 synthesis=0	later block in the same section (main ran to the next '## ') x1
research/findings/2026-08-09-generative-replay-beats-buffer-but-generator-itself-forgets-and-bounds-storage-not-compute-PARTIAL.md	before_2026-09-01	main-pass/new-fail	unsupported number	-	1	L34=0.692	1/12	section=0 range=0 block=10 inline=1 synthesis=0	later block in the same section (main ran to the next '## ') x1
research/findings/2026-08-09-non-forgetting-generative-replay-generator-matches-flat-store.md	before_2026-09-01	main-pass/new-fail	unsupported number	-	6	L98=0.0002, L100=0.958, L100=0.266, L100=0.692, L101=0.692, L102=0.946	10/56	section=0 range=0 block=43 inline=3 synthesis=0	later block in the same section (main ran to the next '## ') x4
research/findings/2026-08-09-prioritized-replay-fixed-k-fails-at-scale-compute-half-NEGATIVE.md	before_2026-09-01	main-pass/new-fail	unsupported number	-	5	L37=0.627, L37=0.893, L37=0.266, L38=0.627, L38=0.547	5/10	section=0 range=0 block=5 inline=0 synthesis=0	later block in the same section (main ran to the next '## ') x2
research/findings/2026-08-09-scaled-norm-readout-rescues-collapse-at-scale-but-residual-is-under-drive-PARTIAL.md	before_2026-09-01	main-pass/new-fail	unsupported number	-	1	L35=0.973	1/14	section=0 range=0 block=13 inline=0 synthesis=0	later block in the same section (main ran to the next '## ') x1
research/findings/2026-08-09-teacher-loop-sleep-replay-budget-sweep-more-replay-does-not-reach-ceiling-NEGATIVE.md	before_2026-09-01	main-pass/new-fail	unsupported number	-	1	L113=0.988	3/21	section=0 range=0 block=18 inline=0 synthesis=0	later block in the same section (main ran to the next '## ') x1
research/findings/2026-08-09-weight-protection-does-not-stack-on-self-replay-honest-negative.md	before_2026-09-01	main-pass/new-fail	unsupported number	-	1	L66=0.032	14/29	section=0 range=0 block=15 inline=0 synthesis=0	later block in the same section (main ran to the next '## ') x1
research/findings/2026-08-10-INTEGRATION-3c-certainty-band-opponent-margin-robust-turn13-all6-clear-002.md	before_2026-09-01	main-pass/new-fail	unsupported number	-	13	L73=0.0521, L73=0.0662, L73=0.0152, L73=0.0197, L74=0.0143, L74=0.019, +7 more	14/47	section=0 range=0 block=33 inline=0 synthesis=0	later block in the same section (main ran to the next '## ') x7
research/findings/2026-08-10-NE-LC-gain-vigilance-REAL-SUBSTRATE-does-not-robustly-transfer-3of6.md	before_2026-09-01	main-pass/new-fail	unsupported number	-	6	L54=0.716, L55=0.818, L55=0.64, L55=0.116, L55=-0.171, L56=1.073	6/6	section=0 range=0 block=0 inline=0 synthesis=0	later block in the same section (main ran to the next '## ') x3
research/findings/2026-08-10-gap5-BTSP-emergently-forms-the-slow-nmda-reverberatory-attractor-6seed-GO-preassigned-assemblies.md	before_2026-09-01	main-pass/new-fail	unsupported number	-	5	L63=0.324, L63=0.328, L63=0.356, L71=0.0002, L71=0.0004	10/31	section=0 range=0 block=21 inline=0 synthesis=0	later block in the same section (main ran to the next '## ') x2
research/findings/2026-08-10-gap5-lever-B-dendritic-dAP-readout-completes-emergent-small-assembly-6seed-GO.md	before_2026-09-01	main-pass/new-fail	unsupported number	-	11	L25=0.571, L25=0.007, L46=0.517, L47=0.293, L48=0.438, L49=0.545, +5 more	52/60	section=0 range=0 block=8 inline=0 synthesis=0	fence after the marker's unit (fences are never a sibling scope) x7; later block in the same section (main ran to the next '## ') x2; lazy continuation line after a list/blockquote item x1
research/findings/2026-08-10-gap5-leverA-DG-detonator-gain-grows-emergent-assembly-to-72-but-recurrent-self-drive-coupling-is-scale-not-size-NEGATIVE.md	before_2026-09-01	main-pass/new-fail	unsupported number	-	17	L43=0.063, L43=0.054, L48=0.062, L51=0.006, L51=0.056, L69=0.271, +11 more	18/71	section=0 range=0 block=53 inline=0 synthesis=0	later block in the same section (main ran to the next '## ') x7
research/findings/2026-08-10-gap5-size-aware-FF-completion-closes-permuted-cue-specificity-but-small-emergent-assembly-bistability-residual-PARTIAL.md	before_2026-09-01	main-pass/new-fail	unsupported number	-	12	L46=0.13, L46=0.279, L51=0.246, L51=0.245, L87=0.13, L87=0.003, +6 more	18/82	section=0 range=0 block=64 inline=0 synthesis=0	later block in the same section (main ran to the next '## ') x6
research/findings/2026-08-10-learn-to-speak-state-value-baseline-passes-contingency-5of6-the-learning-wall-fixed.md	before_2026-09-01	main-pass/new-fail	unsupported number	-	1	L49=0.001	1/25	section=0 range=0 block=24 inline=0 synthesis=0	later block in the same section (main ran to the next '## ') x1
research/findings/2026-08-10-reward-misspec-distinctiveness-PARTIAL-rediagnosed-as-detector-artifact-not-RSA-belief.md	before_2026-09-01	main-pass/new-fail	unsupported number	-	5	L35=0.033, L67=0.329, L67=0.181, L84=0.571, L84=0.007	5/11	section=0 range=0 block=6 inline=0 synthesis=0	later block in the same section (main ran to the next '## ') x3
research/findings/2026-08-10-value-critic-homeostat-NEGATIVE-suprathreshold-pinning-no-graded-lever.md	before_2026-09-01	main-pass/new-fail	unsupported number	-	6	L53=0.016, L53=0.042, L53=0.0155, L54=0.0297, L54=0.0297, L55=0.0297	7/13	section=0 range=0 block=6 inline=0 synthesis=0	later block in the same section (main ran to the next '## ') x3
research/findings/2026-08-11-W4-RSA-belief-source-into-speaking-pipeline-6seed.md	before_2026-09-01	main-pass/new-fail	unsupported number	-	9	L36=0.0439, L36=0.0161, L36=0.731, L36=0.269, L56=0.444, L58=0.389, +3 more	9/19	section=0 range=0 block=10 inline=0 synthesis=0	later block in the same section (main ran to the next '## ') x4
research/findings/2026-08-11-emergence-WM-hybrid-neural-WTA-reads-GO.md	before_2026-09-01	main-pass/new-fail	unsupported number	-	17	L22=0.995, L68=0.021, L69=0.995, L69=0.964, L78=0.247, L78=0.224, +11 more	26/58	section=0 range=0 block=14 inline=18 synthesis=0	later block in the same section (main ran to the next '## ') x12; marker followed by a heading (scopes nothing) x1
research/findings/2026-08-11-emergence-engine-selective-write-store-restores-interference-broken-horizon-1seed-SMOKE.md	before_2026-09-01	main-pass/new-fail	unsupported number	-	21	L55=0.667, L55=0.667, L56=0.667, L56=0.667, L57=0.333, L57=0.333, +15 more	41/60	section=0 range=0 block=12 inline=7 synthesis=0	later block in the same section (main ran to the next '## ') x11
research/findings/2026-08-11-emergence-engine-stream-language-htm-memorises-not-generalises-long-range-agreement-3seed-SMOKE.md	before_2026-09-01	main-pass/new-fail	unsupported number	-	1	L47=0.583	11/62	section=0 range=0 block=51 inline=0 synthesis=0	later block in the same section (main ran to the next '## ') x1
research/findings/2026-08-11-gap4-SPATIAL-DEPTH2-CREDIT-LOAD-BEARING-at-small-T-but-depth3-rung-is-instrument-limited-task-is-depth2-solvable-1seed-smoke.md	before_2026-09-01	main-pass/new-fail	low coverage	-	0	-	0/47	section=0 range=0 block=47 inline=0 synthesis=0	-
research/findings/2026-08-11-gap4-TEMPORAL-DEPTH-FLOOR-ISOLATED-reducing-T-defeats-it-spatial-deep-credit-obligatory-1seed-smoke.md	before_2026-09-01	main-pass/new-fail	unsupported number	-	4	L49=0.852, L49=0.519, L49=0.63, L50=0.111	5/71	section=0 range=0 block=66 inline=0 synthesis=0	later block in the same section (main ran to the next '## ') x2
research/findings/2026-08-11-gap4-onspikes-KP-learned-feedback-ALIGNS-on-the-spiking-substrate-and-beats-fixed-DFA-smoke-plus-mapping.md	before_2026-09-01	main-pass/new-fail	low coverage	-	0	-	0/45	section=0 range=0 block=45 inline=0 synthesis=0	-
research/findings/2026-08-11-gap4-onspikes-depth3-KP-aligns-on-spikes-cos-0.99-but-no-clean-depth3-obligatory-spiking-instrument.md	before_2026-09-01	main-pass/new-fail	unsupported number	-	2	L42=0.178, L42=0.283	2/21	section=0 range=0 block=19 inline=0 synthesis=0	later block in the same section (main ran to the next '## ') x1
research/findings/2026-08-11-laneD-v1-pooler-harder-kWTA-contributes-but-insufficient-and-exposes-readout-quantization-confound.md	before_2026-09-01	main-pass/new-fail	unsupported number	-	3	L51=0.389, L51=0.0677, L52=0.389	12/32	section=0 range=0 block=20 inline=0 synthesis=0	later block in the same section (main ran to the next '## ') x2
research/findings/2026-08-11-metaplastic-acquisition-continual-learning-6seed-NOGO-mechanism-real-but-subthreshold.md	before_2026-09-01	main-pass/new-fail	unsupported number	-	1	L38=0.137	1/7	section=0 range=0 block=6 inline=0 synthesis=0	later block in the same section (main ran to the next '## ') x1
research/findings/2026-08-11-reconsolidation-superposed-lossy-store-derisk.md	before_2026-09-01	main-pass/new-fail	unsupported number	-	3	L69=0.992, L69=0.734, L69=0.83	5/10	section=0 range=0 block=5 inline=0 synthesis=0	later block in the same section (main ran to the next '## ') x1
research/findings/2026-08-11-sleep-replay-bdsp-declamp-lifts-continual-retention-past-055-cap-clamp-artifact.md	before_2026-09-01	main-pass/new-fail	unsupported number	-	2	L39=0.742, L40=0.967	3/8	section=0 range=0 block=5 inline=0 synthesis=0	later block in the same section (main ran to the next '## ') x2
research/findings/2026-08-11-source-monitor-no-harm-boundary-is-an-operating-point-population-coding-derisk.md	before_2026-09-01	main-pass/new-fail	unsupported number	-	7	L53=0.048, L87=0.1692, L88=0.1408, L89=0.0033, L90=0.003, L111=0.1963, +1 more	8/27	section=0 range=0 block=19 inline=0 synthesis=0	later block in the same section (main ran to the next '## ') x6
research/findings/2026-08-11-sparse-disjoint-fact-codes-continual-PARTIAL-beat-vanilla-load-bearing-but-below-metaplasticity.md	before_2026-09-01	main-pass/new-fail	unsupported number	-	7	L41=0.656, L41=0.537, L42=0.156, L46=0.656, L46=0.812, L47=0.275, +1 more	8/22	section=0 range=0 block=14 inline=0 synthesis=0	later block in the same section (main ran to the next '## ') x4
research/findings/2026-08-11-value-critic-neural-homeostatic-readout-gain-kills-yoked-leak-PARTIAL.md	before_2026-09-01	main-pass/new-fail	unsupported number	-	6	L73=0.031, L75=0.061, L75=0.135, L75=0.899, L76=0.936, L79=0.072	7/21	section=0 range=0 block=14 inline=0 synthesis=0	later block in the same section (main ran to the next '## ') x4
research/findings/2026-08-12-GateB-metacog-confidence-readout-production-chat.md	before_2026-09-01	main-pass/new-fail	unsupported number	-	8	L44=0.4, L45=0.476, L46=0.4, L46=0.476, L49=0.476, L49=0.738, +2 more	12/12	section=0 range=0 block=0 inline=0 synthesis=0	later block in the same section (main ran to the next '## ') x5
research/findings/2026-08-12-gap1-A1-deep-context-credit-on-diagonal-WKV-store-local-rule-ties-BPTT-no-credit-wall.md	before_2026-09-01	main-pass/new-fail	unsupported number	-	21	L124=0.973, L124=0.599, L128=0.599, L128=0.61, L129=0.973, L159=0.752, +15 more	26/56	section=0 range=0 block=30 inline=0 synthesis=0	later block in the same section (main ran to the next '## ') x12
research/findings/2026-08-12-gap4-BTSP-plateau-lasting-trace-recall-after-delay-6seed-GO.md	before_2026-09-01	main-pass/new-fail	unsupported number	-	10	L54=0.054, L54=0.092, L55=0.024, L56=0.016, L56=0.036, L58=0.003, +4 more	16/75	section=0 range=0 block=59 inline=0 synthesis=0	later block in the same section (main ran to the next '## ') x6
research/findings/2026-08-12-gap4-birdsong-two-stage-tutor-NEGATIVE-6seed.md	before_2026-09-01	main-pass/new-fail	low coverage	-	0	-	0/40	section=0 range=0 block=40 inline=0 synthesis=0	-
research/findings/2026-08-12-gap4-obligatory-depth3-credit-instrument-NOT-constructible-reframes-the-assault-6seed-NEGATIVE.md	before_2026-09-01	main-pass/new-fail	unsupported number	-	1	L38=2402.02	1/1	section=0 range=0 block=0 inline=0 synthesis=0	later block in the same section (main ran to the next '## ') x1
research/findings/2026-08-12-gap4-softhebb-soft-wta-hebbian-NEGATIVE-6seed.md	before_2026-09-01	main-pass/new-fail	low coverage	-	0	-	1/85	section=0 range=0 block=84 inline=0 synthesis=0	-
research/findings/2026-08-12-laneC-metacog-INSTRUMENT-FIX-and-balance-of-evidence-pure-spiking-meta-d.md	before_2026-09-01	main-pass/new-fail	unsupported number	-	29	L83=0.815, L83=0.758, L83=0.875, L84=0.741, L84=0.492, L84=0.587, +23 more	34/34	section=0 range=0 block=0 inline=0 synthesis=0	later block in the same section (main ran to the next '## ') x7
research/findings/2026-08-13-W4-spiking-graded-implicature-belief-magnitude-metric-detector-baserate-wall-6seed.md	before_2026-09-01	main-pass/new-fail	unsupported number	-	1	L95=0.035	2/33	section=0 range=0 block=31 inline=0 synthesis=0	later block in the same section (main ran to the next '## ') x1
research/findings/2026-08-13-affect-appraisal-origin-self-organizes-from-reinforcement-6seed-GO.md	before_2026-09-01	main-pass/new-fail	unsupported number	-	5	L56=0.551, L57=0.316, L65=0.449, L65=0.634, L65=0.567	6/37	section=0 range=0 block=31 inline=0 synthesis=0	later block in the same section (main ran to the next '## ') x3
research/findings/2026-08-13-affect-arousal-channel-BOUNDARY.md	before_2026-09-01	main-pass/new-fail	unsupported number	-	16	L54=0.265, L54=0.12, L54=0.375, L54=0.362, L54=0.124, L54=0.031, +10 more	17/79	section=0 range=0 block=61 inline=1 synthesis=0	later block in the same section (main ran to the next '## ') x4
research/findings/2026-08-13-affect-graded-strength-third-factor-BOUNDARY.md	before_2026-09-01	main-pass/new-fail	unsupported number	-	44	L65=0.168, L65=0.252, L65=0.062, L65=0.243, L65=0.495, L66=0.168, +38 more	46/71	section=0 range=0 block=25 inline=0 synthesis=0	later block in the same section (main ran to the next '## ') x12
research/findings/2026-08-13-affect-lc-arousal-population-GO.md	before_2026-09-01	main-pass/new-fail	unsupported number	-	21	L33=0.265, L34=0.227, L55=0.311, L55=0.195, L55=0.046, L55=0.031, +15 more	23/120	section=0 range=0 block=92 inline=5 synthesis=0	later block in the same section (main ran to the next '## ') x7
research/findings/2026-08-13-affect-opponent-weights-self-organized-BOUNDARY.md	before_2026-09-01	main-pass/new-fail	unsupported number	-	6	L50=0.508, L50=0.251, L51=0.728, L51=0.22, L63=0.102, L65=0.194	10/42	section=0 range=0 block=32 inline=0 synthesis=0	later block in the same section (main ran to the next '## ') x4
research/findings/2026-08-13-gap1-A1-fewspike-izhikevich-read-of-fluent-wkv-generation-population-coding-is-the-companion-process.md	before_2026-09-01	main-pass/new-fail	unsupported number	-	2	L82=0.031, L83=0.999	9/28	section=0 range=0 block=19 inline=0 synthesis=0	later block in the same section (main ran to the next '## ') x2
research/findings/2026-08-13-magnitude-preserving-plateau-readout-BOUNDARY.md	before_2026-09-01	main-pass/new-fail	unsupported number	-	20	L78=0.082, L84=0.931, L84=0.888, L84=0.846, L85=0.708, L85=0.878, +14 more	24/53	section=0 range=0 block=29 inline=0 synthesis=0	later block in the same section (main ran to the next '## ') x10
research/findings/2026-08-13-self-initiated-spontaneous-thought-GO.md	before_2026-09-01	main-pass/new-fail	unsupported number	-	4	L94=0.24, L95=0.102, L98=0.082, L99=0.24	4/23	section=0 range=0 block=19 inline=0 synthesis=0	later block in the same section (main ran to the next '## ') x4
research/findings/2026-08-13-self-initiation-multibasin-GO.md	before_2026-09-01	main-pass/new-fail	unsupported number	-	1	L41=0.015	1/1	section=0 range=0 block=0 inline=0 synthesis=0	later block in the same section (main ran to the next '## ') x1
research/findings/2026-08-13-spiking-appraisal-discrete-emotion-reappraisal-derisk.md	before_2026-09-01	main-pass/new-fail	unsupported number	-	5	L49=0.76, L49=0.257, L50=0.015, L51=0.253, L73=0.13	7/19	section=0 range=0 block=12 inline=0 synthesis=0	later block in the same section (main ran to the next '## ') x4
research/findings/2026-08-13-w4-belief-magnitude-calibration-BOUNDARY.md	before_2026-09-01	main-pass/new-fail	unsupported number	-	18	L56=0.105, L57=0.065, L59=0.0587, L59=0.2575, L88=0.846, L88=0.835, +12 more	21/68	section=0 range=0 block=47 inline=0 synthesis=0	later block in the same section (main ran to the next '## ') x8
research/findings/2026-08-13-w4-detector-k-recalibration-BOUNDARY.md	before_2026-09-01	main-pass/new-fail	unsupported number	-	6	L70=0.506, L70=0.006, L89=0.25, L90=-0.046, L93=0.136, L93=0.552	9/51	section=0 range=0 block=42 inline=0 synthesis=0	later block in the same section (main ran to the next '## ') x4
research/findings/2026-08-13-w4-detector-operating-point-homeostat-GO.md	before_2026-09-01	main-pass/new-fail	unsupported number	-	11	L53=0.084, L53=0.022, L54=0.017, L55=0.102, L110=-0.0108, L112=0.148, +5 more	21/80	section=0 range=0 block=59 inline=0 synthesis=0	later block in the same section (main ran to the next '## ') x6
research/findings/2026-08-13-w4-informativeness-objective-BOUNDARY.md	before_2026-09-01	main-pass/new-fail	unsupported number	-	23	L77=0.082, L77=0.011, L79=-0.011, L80=0.667, L85=0.952, L85=0.807, +17 more	25/57	section=0 range=0 block=32 inline=0 synthesis=0	later block in the same section (main ran to the next '## ') x8
research/findings/2026-08-13-w4-pragmatic-belief-production-scoped.md	before_2026-09-01	main-pass/new-fail	unsupported number	-	2	L51=0.731, L52=0.269	4/12	section=0 range=0 block=8 inline=0 synthesis=0	later block in the same section (main ran to the next '## ') x2
research/findings/2026-08-14-affect-second-order-conditioning-BOUNDARY.md	before_2026-09-01	main-pass/new-fail	unsupported number	-	32	L60=0.185, L60=0.252, L60=0.214, L60=0.47, L61=0.028, L61=0.136, +26 more	34/56	section=0 range=0 block=22 inline=0 synthesis=0	later block in the same section (main ran to the next '## ') x9
research/findings/2026-08-17-mouth-readout-eprop-batched-substrate-forward-PARTIAL.md	before_2026-09-01	main-pass/new-fail	unsupported number	-	3	L69=0.062, L69=0.005, L69=0.008	4/63	section=0 range=0 block=59 inline=0 synthesis=0	later block in the same section (main ran to the next '## ') x1
research/findings/2026-08-18-episodic-temporal-context-when-GO.md	before_2026-09-01	main-pass/new-fail	unsupported number	-	3	L58=0.943, L58=0.466, L58=0.133	3/12	section=0 range=0 block=9 inline=0 synthesis=0	later block in the same section (main ran to the next '## ') x1
research/findings/2026-08-18-gnw-rung2d-weakenable-recurrence-GO.md	before_2026-09-01	main-pass/new-fail	unsupported number	-	1	L40=0.167	1/17	section=0 range=0 block=16 inline=0 synthesis=0	later block in the same section (main ran to the next '## ') x1
research/findings/2026-08-19-affect-drives-chat-load-bearing-GO.md	before_2026-09-01	main-pass/new-fail	unsupported number	-	4	L56=0.069, L56=-0.029, L57=0.064, L59=0.074	6/14	section=0 range=0 block=8 inline=0 synthesis=0	later block in the same section (main ran to the next '## ') x3
research/findings/2026-08-19-gnw-coincidence-integrator-subthreshold-window-6seed-GO-corrected-shuffle-control.md	before_2026-09-01	main-pass/new-fail	unsupported number	-	1	L45=0.083	16/46	section=0 range=0 block=30 inline=0 synthesis=0	later block in the same section (main ran to the next '## ') x1
research/findings/2026-08-19-gnw-neural-swap-intention-GO.md	before_2026-09-01	main-pass/new-fail	unsupported number	-	3	L45=0.267, L45=0.317, L45=0.333	5/64	section=0 range=0 block=53 inline=6 synthesis=0	later block in the same section (main ran to the next '## ') x1
research/findings/2026-08-19-gnw-neural-vacancy-gate-GO.md	before_2026-09-01	main-pass/new-fail	unsupported number	-	2	L44=0.001, L44=0.333	3/46	section=0 range=0 block=40 inline=3 synthesis=0	later block in the same section (main ran to the next '## ') x1
research/findings/2026-08-19-gnw-recurrence-weaken-swap-GO.md	before_2026-09-01	main-pass/new-fail	unsupported number	-	3	L44=0.001, L44=0.333, L44=0.333	4/53	section=0 range=0 block=43 inline=6 synthesis=0	later block in the same section (main ran to the next '## ') x1
research/findings/2026-08-19-gnw-swap-into-chat-GO.md	before_2026-09-01	main-pass/new-fail	unsupported number	-	1	L44=0.333	2/16	section=0 range=0 block=14 inline=0 synthesis=0	later block in the same section (main ran to the next '## ') x1
research/findings/2026-08-19-kwta-stability-homeostat-NOGO.md	before_2026-09-01	main-pass/new-fail	unsupported number	-	2	L61=0.001, L62=0.013	2/2	section=0 range=0 block=0 inline=0 synthesis=0	later block in the same section (main ran to the next '## ') x2
research/findings/2026-08-19-neural-error-onbridge-GO.md	before_2026-09-01	main-pass/new-fail	unsupported number	-	6	L92=0.032, L93=0.024, L94=0.042, L98=0.966, L98=0.974, L99=0.954	13/55	section=0 range=0 block=42 inline=0 synthesis=0	later block in the same section (main ran to the next '## ') x5
research/findings/2026-08-19-neural-error-population-GO.md	before_2026-09-01	main-pass/new-fail	unsupported number	-	5	L79=0.857, L83=0.032, L86=0.077, L87=0.087, L89=0.482	8/43	section=0 range=0 block=35 inline=0 synthesis=0	later block in the same section (main ran to the next '## ') x4; lazy continuation line after a list/blockquote item x1
research/findings/2026-08-19-replay-pattern-separation-DG-separator-keeps-similar-memories-discriminable-6seed-GO.md	before_2026-09-01	main-pass/new-fail	unsupported number	-	5	L78=0.267, L78=0.267, L82=0.333, L83=0.333, L96=-0.333	7/49	section=0 range=0 block=42 inline=0 synthesis=0	later block in the same section (main ran to the next '## ') x4
research/findings/2026-08-19-replay-separator-bridge-rebound-and-write-runaway-FIXED-single-recall-ceiling-kWTA-stability-residual.md	before_2026-09-01	main-pass/new-fail	unsupported number	-	1	L80=0.013	1/1	section=0 range=0 block=0 inline=0 synthesis=0	later block in the same section (main ran to the next '## ') x1
research/findings/2026-08-19-weight-shuffle-dependency-control-gap5-when-Wctx.md	before_2026-09-01	main-pass/new-fail	unsupported number	-	1	L93=0.347	2/18	section=0 range=0 block=16 inline=0 synthesis=0	later block in the same section (main ran to the next '## ') x1
research/findings/2026-08-20-ecker-ca3-forward-band-LEARNED-by-STDP-emergent-swr-replay-6seed-GO.md	before_2026-09-01	main-pass/new-fail	unsupported number	-	1	L49=0.571	3/12	section=0 range=0 block=9 inline=0 synthesis=0	later block in the same section (main ran to the next '## ') x1
research/findings/2026-08-20-ecker-real-d5-store-does-NOT-reactivate-via-soma-recurrence-dendritic-latch-is-the-read.md	before_2026-09-01	main-pass/new-fail	unsupported number	-	2	L67=0.042, L68=0.055	11/14	section=0 range=0 block=3 inline=0 synthesis=0	later block in the same section (main ran to the next '## ') x2
research/findings/2026-08-25-order-consolidation-v8-real-scale-ca1-port-6seed-GO.md	before_2026-09-01	main-pass/new-fail	low coverage	-	0	-	0/40	section=0 range=0 block=40 inline=0 synthesis=0	-
research/findings/2026-08-26-E-language-recognition-gated-blocking-interneuron-threshold-REFUTED-6seed-NOGO.md	before_2026-09-01	main-pass/new-fail	unsupported number	-	1	L86=0.857	2/3	section=0 range=0 block=1 inline=0 synthesis=0	later block in the same section (main ran to the next '## ') x1
research/findings/2026-08-26-b1-v1-selforg-columnar-wta-competition-NOGO.md	before_2026-09-01	main-pass/new-fail	unsupported number	-	1	L133=1511.09	16/21	section=0 range=0 block=2 inline=3 synthesis=0	later block in the same section (main ran to the next '## ') x1
research/findings/2026-08-26-b1-v1-selforg-onbridge-BCM-sliding-threshold.md	before_2026-09-01	main-pass/new-fail	unsupported number	-	10	L50=0.157, L50=0.03, L50=0.331, L50=0.333, L50=0.027, L51=0.884, +4 more	13/51	section=0 range=0 block=38 inline=0 synthesis=0	later block in the same section (main ran to the next '## ') x4
research/findings/2026-08-26-comprehension-cue-lexicon-open-vocab-animacy-learnable-GO.md	before_2026-09-01	main-pass/new-fail	unsupported number	-	1	L50=0.511	4/15	section=0 range=0 block=9 inline=2 synthesis=0	later block in the same section (main ran to the next '## ') x1
research/findings/2026-08-26-vision-identity-spiking-hmax-production-wirein-GO.md	before_2026-09-01	main-pass/new-fail	unsupported number	-	4	L96=0.556, L96=0.444, L97=0.475, L97=0.105	4/22	section=0 range=0 block=15 inline=3 synthesis=0	later block in the same section (main ran to the next '## ') x2
research/findings/2026-08-27-comprehension-verb-selects-corpus-learned-GO.md	before_2026-09-01	main-pass/new-fail	unsupported number	-	16	L72=0.315, L77=0.69, L103=0.929, L103=0.929, L103=0.964, L103=0.929, +10 more	19/37	section=0 range=0 block=13 inline=5 synthesis=0	later block in the same section (main ran to the next '## ') x8
research/findings/2026-08-27-mouth-readsnr-softmax-confidence-weightnorm-NOGO.md	before_2026-09-01	main-pass/new-fail	unsupported number	-	5	L101=0.1278, L101=0.1211, L102=0.353, L102=0.3513, L102=0.004	5/50	section=0 range=0 block=44 inline=1 synthesis=0	later block in the same section (main ran to the next '## ') x2
research/findings/2026-08-27-mouth-readsnr-structure-characterization-BACKEND-SEED-CONFOUND.md	before_2026-09-01	main-pass/new-fail	low coverage	-	0	-	0/40	section=0 range=0 block=40 inline=0 synthesis=0	-
research/findings/2026-08-27-onebrain-integration-R3v3-functional-drive-GO.md	before_2026-09-01	main-pass/new-fail	unsupported number	-	12	L67=12.1244, L68=4.518, L83=-0.00194, L91=0.036, L140=0.2552, L162=0.012, +6 more	21/84	section=0 range=0 block=54 inline=9 synthesis=0	later block in the same section (main ran to the next '## ') x8
research/findings/2026-08-27-onebrain-integration-selfschema-provenance-learned-crossedge-GO.md	before_2026-09-01	main-pass/new-fail	unsupported number	-	2	L93=0.124, L94=0.08	3/55	section=0 range=0 block=52 inline=0 synthesis=0	later block in the same section (main ran to the next '## ') x2
research/findings/2026-08-27-onebrain-r4-selfschema-provenance-production-GO.md	before_2026-09-01	main-pass/new-fail	unsupported number	-	17	L84=0.0106, L84=-0.0006, L85=0.0117, L85=0.0003, L86=0.013, L86=0.0002, +11 more	29/29	section=0 range=0 block=0 inline=0 synthesis=0	marker followed by a heading (scopes nothing) x10
research/findings/2026-08-27-onebrain-surprise-episodic-crossedge-UNDEFINED.md	before_2026-09-01	main-pass/new-fail	unsupported number	-	10	L83=0.273, L93=0.613, L93=0.746, L127=0.004, L127=0.005, L133=0.0018, +4 more	25/65	section=0 range=0 block=40 inline=0 synthesis=0	later block in the same section (main ran to the next '## ') x6
research/findings/2026-08-27-reverse-edge-heterosynaptic-depression-learn-through-use-NOGO.md	before_2026-09-01	main-pass/new-fail	unsupported number	-	19	L36=0.049, L36=0.096, L36=0.096, L36=0.115, L36=0.173, L38=0.074, +13 more	23/29	section=0 range=0 block=5 inline=1 synthesis=0	later block in the same section (main ran to the next '## ') x4
research/findings/2026-08-28-onebrain-r4-declarative-crossedge-migration-GO.md	before_2026-09-01	main-pass/new-fail	unsupported number	-	14	L142=0.0106, L142=0.0106, L143=0.0117, L143=0.0117, L144=0.013, L144=0.013, +8 more	22/24	section=0 range=0 block=2 inline=0 synthesis=0	later block in the same section (main ran to the next '## ') x8
research/findings/2026-08-28-surprise-episodic-129construction-6seed-GO.md	before_2026-09-01	main-pass/new-fail	unsupported number	-	7	L80=0.965, L81=0.297, L81=0.727, L88=0.0094, L128=0.297, L128=0.727, +1 more	7/35	section=0 range=0 block=26 inline=2 synthesis=0	later block in the same section (main ran to the next '## ') x5
research/findings/2026-08-28-surprise-episodic-production-xedge-wireIn.md	before_2026-09-01	main-pass/new-fail	unsupported number	-	13	L112=0.0166, L113=0.186, L113=0.0123, L114=0.1268, L114=0.0129, L115=0.0103, +7 more	28/28	section=0 range=0 block=0 inline=0 synthesis=0	marker followed by a heading (scopes nothing) x8
research/findings/2026-08-28-wkv-learned-vs-native-head-AB-worth-keeping-opt-in.md	before_2026-09-01	main-pass/new-fail	unsupported number	-	3	L138=1.291, L138=1.504, L163=0.045	5/44	section=0 range=0 block=36 inline=3 synthesis=0	later block in the same section (main ran to the next '## ') x2
research/findings/2026-08-01-gap4-DEPTH2-BDSP-generalizes-where-FA-memorizes-but-same-ceiling-depth-wall-consolidated-6seed.md	before_2026-09-01	both-fail/new-flags-more	unsupported number	unsupported number	9	L13=0.935, L13=0.531, L13=0.876, L13=0.23, L13=2607.13, L22=0.66, +3 more	14/23	section=0 range=0 block=9 inline=0 synthesis=0	-
research/findings/2026-08-02-gap4-crux-transport-free-rule-gets-matched-capacity-purchase-on-a-TRAINABLE-LIF-SNN-where-reservoir-gave-zero-6seed.md	before_2026-09-01	both-fail/new-flags-more	unsupported number	unsupported number	13	L40=0.389, L80=0.15, L97=0.84, L97=0.778, L98=0.839, L98=0.689, +7 more	13/97	section=0 range=0 block=84 inline=0 synthesis=0	-
research/findings/2026-08-02-laneB-curiosity-learning-progress-slope-CPU-proxy-6seed-GO-next-onbridge-realization.md	before_2026-09-01	both-fail/new-flags-more	unsupported number + missing artifact	missing artifact	20	L63=0.534, L64=0.106, L76=0.542, L76=0.128, L77=0.528, L77=0.094, +14 more	20/20	section=0 range=0 block=0 inline=0 synthesis=0	-
research/findings/2026-08-10-gap5-e2e-episodic-loop-emergent-selection-composes-but-completion-operating-point-is-assembly-size-SEAM-NEGATIVE.md	before_2026-09-01	both-fail/new-flags-more	unsupported number	unsupported number	8	L8=0.003, L8=0.023, L66=0.292, L66=0.292, L66=0.284, L72=0.476, +2 more	12/37	section=0 range=0 block=25 inline=0 synthesis=0	-
research/findings/2026-08-11-continual-combine-disjoint-codes-plus-consolidation-does-NOT-compound-6seed.md	before_2026-09-01	both-fail/new-flags-more	unsupported number	unsupported number	8	L7=0.854, L7=0.839, L40=0.854, L40=0.839, L40=0.533, L44=0.667, +2 more	9/19	section=0 range=0 block=10 inline=0 synthesis=0	-
research/findings/2026-08-11-emergence-WM-hybrid-separate-channel-GO-working-hybrid-6seed.md	before_2026-09-01	both-fail/new-flags-more	unsupported number	unsupported number	21	L7=0.974, L7=0.938, L7=0.224, L7=0.516, L7=0.716, L7=0.667, +15 more	30/60	section=0 range=0 block=30 inline=0 synthesis=0	-
research/findings/2026-08-11-emergence-engine-heterosynaptic-competition-allocation-rescues-regimeC-starvation-1seed-SMOKE.md	before_2026-09-01	both-fail/new-flags-more	unsupported number	unsupported number	4	L12=0.333, L64=0.333, L72=0.333, L72=0.667	16/43	section=0 range=0 block=22 inline=5 synthesis=0	-
research/findings/2026-08-11-emergence-engine-plus-WM-afferent-hybrid-PARTIAL-fusion-combines-but-corrupts-subject-6seed.md	before_2026-09-01	both-fail/new-flags-more	unsupported number	unsupported number	26	L7=0.641, L7=0.562, L7=0.224, L7=0.516, L7=0.229, L7=0.479, +20 more	32/56	section=0 range=0 block=24 inline=0 synthesis=0	-
research/findings/2026-08-11-gap4-forward-forward-local-contrastive-ENTERS-the-deep-spiking-learning-regime-where-topdown-credit-could-not-6seed.md	before_2026-09-01	both-fail/new-flags-more	unsupported number	unsupported number	13	L30=0.789, L31=0.782, L31=0.771, L105=0.758, L105=0.73, L105=0.713, +7 more	15/59	section=0 range=0 block=44 inline=0 synthesis=0	-
research/findings/2026-08-11-multi-slot-variable-binding-working-memory-holds-k-bindings-no-crosstalk-ceiling-k5-6seed-GO.md	before_2026-09-01	both-fail/new-flags-more	unsupported number	unsupported number	17	L7=0.167, L7=0.881, L7=0.669, L7=0.939, L7=0.167, L7=0.0014, +11 more	36/88	section=0 range=0 block=52 inline=0 synthesis=0	-
research/findings/2026-08-11-rolegate-gap4-deep-credit-resolves-role-at-ceiling-transport-free-alignment-STRUCTURAL-not-dimensional-6seed.md	before_2026-09-01	both-fail/new-flags-more	unsupported number	unsupported number	27	L7=0.144, L23=0.602, L24=0.265, L81=0.983, L81=0.896, L81=0.76, +21 more	47/65	section=0 range=0 block=18 inline=0 synthesis=0	-
research/findings/2026-08-11-variable-binding-working-memory-gated-slot-surpasses-HTM-heldout-1.000-vs-0.000-6seed-GO.md	before_2026-09-01	both-fail/new-flags-more	unsupported number	unsupported number	4	L7=0.004, L15=0.004, L32=0.074, L32=0.0003	12/19	section=0 range=0 block=7 inline=0 synthesis=0	-
research/findings/2026-08-14-fluid-mouth-readout-eprop-learned-GO.md	before_2026-09-01	both-fail/new-flags-more	unsupported number	unsupported number	22	L10=0.865, L10=0.865, L75=0.042, L75=0.004, L75=0.01, L76=0.041, +16 more	126/126	section=0 range=0 block=0 inline=0 synthesis=0	-
research/findings/2026-08-25-fhrr-decode-rate-at-scale.md	before_2026-09-01	both-fail/new-flags-more	unsupported number + missing artifact	unsupported number + missing artifact	5	L11=0.001, L36=0.001, L39=0.001, L137=0.013, L137=0.107	7/36	section=0 range=0 block=14 inline=15 synthesis=0	-
research/findings/2026-09-23-onebrain-affect-ladder-onto-cortical-pool-plus-arousal-surprise-synapse-BUILT-6seed-scored-NOT-ALL-GO.md	before_2026-09-01	both-fail/new-flags-more	unsupported number + missing artifact	missing artifact	1	L106=0.007	1/27	section=0 range=0 block=16 inline=10 synthesis=0	-
